#
# A fatal error has been detected by the Java Runtime Environment:
#
#  SIGSEGV (0xb) at pc=0x00007f9f5f591da8, pid=47616, tid=47618
#
# JRE version: OpenJDK Runtime Environment (17.0.19+10) (build 17.0.19+10)
# Java VM: OpenJDK 64-Bit Server VM (17.0.19+10, mixed mode, sharing, tiered, compressed oops, compressed class ptrs, g1 gc, linux-amd64)
# Problematic frame:
# V  [libjvm.so+0x591da8]
#
# Core dump will be written. Default location: Core dumps may be processed with "/usr/lib/systemd/systemd-coredump %P %u %g %s %t %c %h %d %F" (or dumping to /home/nitrox/Telegram/core.47616)
#
# If you would like to submit a bug report, please visit:
#   https://bugreport.java.com/bugreport/crash.jsp
#

---------------  S U M M A R Y ------------

Command Line: --add-opens=java.base/java.util=ALL-UNNAMED --add-opens=java.base/java.lang=ALL-UNNAMED --add-opens=java.base/java.lang.invoke=ALL-UNNAMED --add-opens=java.prefs/java.util.prefs=ALL-UNNAMED --add-opens=java.base/java.nio.charset=ALL-UNNAMED --add-opens=java.base/java.net=ALL-UNNAMED --add-opens=java.base/java.util.concurrent.atomic=ALL-UNNAMED -Xmx4096M -Dfile.encoding=UTF-8 -Duser.country=IN -Duser.language=en -Duser.variant -javaagent:/home/nitrox/.gradle/wrapper/dists/gradle-8.7-bin/bhs2wmbdwecv87pi65oeuq5iu/gradle-8.7/lib/agents/gradle-instrumentation-agent-8.7.jar org.gradle.launcher.daemon.bootstrap.GradleDaemon 8.7

Host: AMD Ryzen 7 4800H with Radeon Graphics, 16 cores, 15G, CachyOS
Time: Sat Jun  6 21:43:34 2026 IST elapsed time: 405.556268 seconds (0d 0h 6m 45s)

---------------  T H R E A D  ---------------

Current thread (0x00007f9f580884c0):  GCTaskThread "GC Thread#0" [stack: 0x00007f9f5dc21000,0x00007f9f5dd21000] [id=47618]

Stack: [0x00007f9f5dc21000,0x00007f9f5dd21000],  sp=0x00007f9f5dd1fa70,  free space=1018k
Native frames: (J=compiled Java code, j=interpreted, Vv=VM code, C=native code)
V  [libjvm.so+0x591da8]
V  [libjvm.so+0x59420a]
V  [libjvm.so+0x53911d]
V  [libjvm.so+0x53d571]
V  [libjvm.so+0xe6fb4f]
V  [libjvm.so+0xe6fbb3]
V  [libjvm.so+0xda7574]
V  [libjvm.so+0xb14d1c]


siginfo: si_signo: 11 (SIGSEGV), si_code: 1 (SEGV_MAPERR), si_addr: 0x0000000000000100

Registers:
RAX=0x0000000000000000, RBX=0x00007f9f34003490, RCX=0x0000000000000000, RDX=0x00007f9f5f0431b0
RSP=0x00007f9f5dd1fa70, RBP=0x00007f9f5dd1fb00, RSI=0x00007f9f5807fa80, RDI=0x0000000000000001
R8 =0x0000000000000000, R9 =0x0000000000000000, R10=0x00007f9f60224330, R11=0x0000000000000001
R12=0x0000000717b528d5, R13=0x000000071858a010, R14=0x00007f9f6026b42d, R15=0x0000000717b528d4
RIP=0x00007f9f5f591da8, EFLAGS=0x0000000000010246, CSGSFS=0x002b000000000033, ERR=0x0000000000000004
  TRAPNO=0x000000000000000e

XMM[0]=0x0000005a00006838 0x0000000717b52f1b
XMM[1]=0x322f6b646e2f6b64 0x732d64696f72646e
XMM[2]=0x5f3638782d78756e 0x696c2f746c697562
XMM[3]=0x6f6f742f38353336 0x373633312e322e38
XMM[4]=0xe30b141be30b1421 0xe30b1427e30b142f
XMM[5]=0x0000000000000000 0x0000000000000000
XMM[6]=0xe30b1427e30b142f 0xe30b1436e30b143e
XMM[7]=0xe30b1465e30b146c 0xe30b1472e30b1478
XMM[8]=0xe30b14bce30b14c8 0xe30b14d5e30b14e4
XMM[9]=0x4700000047000001 0x4700000247000003
XMM[10]=0x0000000000000000 0x0000000000000000
XMM[11]=0x00ffffff00ffffff 0x00ffffff00ffffff
XMM[12]=0x00ffffff00ffffff 0x00ffffff00ffffff
XMM[13]=0x0000000000000000 0x0000000000000003
XMM[14]=0xf0000000f0000000 0xf0000000f0000000
XMM[15]=0x0800000008000000 0x0800000008000000
  MXCSR=0x00001fa0


Register to memory mapping:

RAX=0x0 is NULL
RBX=0x00007f9f34003490 points into unknown readable memory: 0x00007f9f60174060 | 60 40 17 60 9f 7f 00 00
RCX=0x0 is NULL
RDX=0x00007f9f5f0431b0: <offset 0x00000000000431b0> in /usr/lib/jvm/java-17-openjdk/lib/server/libjvm.so at 0x00007f9f5f000000
RSP=0x00007f9f5dd1fa70 points into unknown readable memory: 0x00007f9f5dd1faa0 | a0 fa d1 5d 9f 7f 00 00
RBP=0x00007f9f5dd1fb00 points into unknown readable memory: 0x00007f9f5dd1fba0 | a0 fb d1 5d 9f 7f 00 00
RSI=0x00007f9f5807fa80 points into unknown readable memory: 0x0000000000000000 | 00 00 00 00 00 00 00 00
RDI=0x0000000000000001 is an unknown value
R8 =0x0 is NULL
R9 =0x0 is NULL
R10=0x00007f9f60224330: <offset 0x0000000001224330> in /usr/lib/jvm/java-17-openjdk/lib/server/libjvm.so at 0x00007f9f5f000000
R11=0x0000000000000001 is an unknown value
R12=
[error occurred during error reporting (printing register info), id 0xb, SIGSEGV (0xb) at pc=0x00007f9f5f51b804]

Top of Stack: (sp=0x00007f9f5dd1fa70)
0x00007f9f5dd1fa70:   00007f9f5dd1faa0 00007f9f00000001
0x00007f9f5dd1fa80:   00007f9f60224330 00007f9f00000001
0x00007f9f5dd1fa90:   00007f9f2006a140 0000000700000000
0x00007f9f5dd1faa0:   000000000000000e 0000000700000002
0x00007f9f5dd1fab0:   000000005dd1fad0 00007f9edb000000
0x00007f9f5dd1fac0:   0000000000000000 0000000000000001
0x00007f9f5dd1fad0:   00007f9f5dd1fb00 0000000717d44e38
0x00007f9f5dd1fae0:   0000000717d44e38 00007f9f58036940
0x00007f9f5dd1faf0:   00007f9f34003490 00007f9f58034a80
0x00007f9f5dd1fb00:   00007f9f5dd1fba0 00007f9f5f59420a
0x00007f9f5dd1fb10:   00007f9f5dd1fb70 000000015f53da5c
0x00007f9f5dd1fb20:   00007f9f00000001 0000000717daf258
0x00007f9f5dd1fb30:   00007f9f20068f00 0000000700000128
0x00007f9f5dd1fb40:   00007f9f58034a80 0000000717d448c0
0x00007f9f5dd1fb50:   0000000717d448c0 00007f9f6026b42d
0x00007f9f5dd1fb60:   0000000000000011 0000000000000100
0x00007f9f5dd1fb70:   00007f9f5dd1fb90 00007f9f5dd1fce0
0x00007f9f5dd1fb80:   00007f9f6026ed00 000000000000000a
0x00007f9f5dd1fb90:   00007f9f34003490 000000000000004a
0x00007f9f5dd1fba0:   00007f9f5dd1fc70 00007f9f5f53911d
0x00007f9f5dd1fbb0:   00007f9f34003490 00007f9f34000ca0
0x00007f9f5dd1fbc0:   000000110000000f 00007f9f34003490
0x00007f9f5dd1fbd0:   0000000000000000 0000000000000000
0x00007f9f5dd1fbe0:   0000000000000000 0000000000000000
0x00007f9f5dd1fbf0:   00007f9f58088700 00007f9f34003490
0x00007f9f5dd1fc00:   00007f9f5802b4b0 00007f9f38220170
0x00007f9f5dd1fc10:   0000000000000000 0000000000000000
0x00007f9f5dd1fc20:   0000000000000000 00007f9f5fb1fecb
0x00007f9f5dd1fc30:   0000000000000e26 0000000009f57542
0x00007f9f5dd1fc40:   00007f9f5dd1fc50 000000000000000a
0x00007f9f5dd1fc50:   00007f9f58088780 00007f9f34003490
0x00007f9f5dd1fc60:   00007f9f5802b4b0 00007f9f38220170 

Instructions: (pc=0x00007f9f5f591da8)
0x00007f9f5f591ca8:   18 0c 08 ba 10 00 00 00 0f 18 0c 10 49 8b 86 98
0x00007f9f5f591cb8:   01 00 00 4c 8b 78 10 41 8b b7 80 00 00 00 89 f2
0x00007f9f5f591cc8:   41 2b 97 00 01 00 00 81 e2 ff ff 01 00 81 fa fd
0x00007f9f5f591cd8:   ff 01 00 0f 86 78 07 00 00 49 8b 97 a0 02 00 00
0x00007f9f5f591ce8:   49 3b 97 88 02 00 00 0f 84 9e 0b 00 00 48 8d 34
0x00007f9f5f591cf8:   d5 00 00 00 00 48 83 c2 01 49 8b bf b8 02 00 00
0x00007f9f5f591d08:   4c 89 2c 37 49 89 97 a0 02 00 00 e9 53 ff ff ff
0x00007f9f5f591d18:   3d 00 00 00 c0 0f 8c c7 0d 00 00 49 8b 0a 41 8b
0x00007f9f5f591d28:   52 08 4c 8d 35 ab aa cd 00 e9 ce e8 ff ff 3d 00
0x00007f9f5f591d38:   00 00 c0 0f 8c ca 0b 00 00 4c 8d 35 94 aa cd 00
0x00007f9f5f591d48:   e9 14 de ff ff 74 42 b9 0c 00 00 00 48 8d 15 d1
0x00007f9f5f591d58:   2f c9 00 49 63 4c 0d 00 8b 12 c4 e2 f9 f7 c9 c1
0x00007f9f5f591d68:   f8 10 0f b6 c0 8d 72 ff 48 63 f6 48 01 f0 48 01
0x00007f9f5f591d78:   c1 89 d0 f7 d8 48 98 48 21 c1 48 c1 e9 03 89 4d
0x00007f9f5f591d88:   98 48 63 c9 e9 c7 ed ff ff 48 8b 45 b8 48 8d 15
0x00007f9f5f591d98:   14 14 ab ff c7 45 98 00 00 00 00 31 c9 48 8b 00
0x00007f9f5f591da8:   48 8b 80 00 01 00 00 48 39 d0 0f 84 a0 ed ff ff
0x00007f9f5f591db8:   4c 89 55 90 48 8b 7d b8 4c 89 ee 44 89 5d a0 44
0x00007f9f5f591dc8:   88 4d a8 ff d0 4c 8b 55 90 44 8b 5d a0 89 45 98
0x00007f9f5f591dd8:   44 0f b6 4d a8 48 63 c8 e9 73 ed ff ff 74 45 b8
0x00007f9f5f591de8:   0c 00 00 00 48 8d 0d 39 2f c9 00 8b 31 49 63 4c
0x00007f9f5f591df8:   05 00 44 89 f8 c1 f8 10 8d 7e ff 0f b6 c0 c4 e2
0x00007f9f5f591e08:   81 f7 c9 48 63 ff 48 01 f8 48 01 c1 89 f0 f7 d8
0x00007f9f5f591e18:   48 98 48 21 c1 48 c1 e9 03 41 89 cf 48 63 c9 e9
0x00007f9f5f591e28:   c8 eb ff ff 49 8b 03 48 8d 35 7a 13 ab ff 31 c9
0x00007f9f5f591e38:   45 31 ff 48 8b 80 00 01 00 00 48 39 f0 0f 84 a9
0x00007f9f5f591e48:   eb ff ff 44 89 55 a0 4c 89 df 4c 89 ee 88 55 a8
0x00007f9f5f591e58:   4c 89 5d b8 ff d0 44 8b 55 a0 0f b6 55 a8 48 63
0x00007f9f5f591e68:   c8 4c 8b 5d b8 49 89 cf e9 7f eb ff ff 48 89 4d
0x00007f9f5f591e78:   b8 31 d2 be 05 00 00 00 bf 18 02 00 00 67 e8 05
0x00007f9f5f591e88:   84 bf ff 48 8b 4d b8 48 85 c0 49 89 c7 74 1d 48
0x00007f9f5f591e98:   89 80 00 02 00 00 48 c7 80 08 02 00 00 00 00 00 


Stack slot to memory mapping:
stack at sp + 0 slots: 0x00007f9f5dd1faa0 points into unknown readable memory: 0x000000000000000e | 0e 00 00 00 00 00 00 00
stack at sp + 1 slots: 0x00007f9f00000001 is an unknown value
stack at sp + 2 slots: 0x00007f9f60224330: <offset 0x0000000001224330> in /usr/lib/jvm/java-17-openjdk/lib/server/libjvm.so at 0x00007f9f5f000000
stack at sp + 3 slots: 0x00007f9f00000001 is an unknown value
stack at sp + 4 slots: 0x00007f9f2006a140 points into unknown readable memory: 0x0000000718400000 | 00 00 40 18 07 00 00 00
stack at sp + 5 slots: 0x0000000700000000 is an oop: [B 
{0x0000000700000000} - klass: {type array byte}
 - length: 3527860
stack at sp + 6 slots: 0x000000000000000e is an unknown value
stack at sp + 7 slots: 0x0000000700000002 is pointing into object: [B 
{0x0000000700000000} - klass: {type array byte}
 - length: 3527860


---------------  P R O C E S S  ---------------

Threads class SMR info:
_java_thread_list=0x00007f9e3c0016c0, length=153, elements={
0x00007f9f5801a330, 0x00007f9f58193190, 0x00007f9f58194580, 0x00007f9f58199bd0,
0x00007f9f5819af90, 0x00007f9f5819c3b0, 0x00007f9f5819ddf0, 0x00007f9f5819f330,
0x00007f9f581a07b0, 0x00007f9f581ac6a0, 0x00007f9f5826c130, 0x00007f9f5927f1e0,
0x00007f9f592e5730, 0x00007f9f59323890, 0x00007f9e70017420, 0x00007f9e6800c080,
0x00007f9e6418ef50, 0x00007f9e64198210, 0x00007f9e641b3dc0, 0x00007f9e64e63b70,
0x00007f9e64e389f0, 0x00007f9e64f6a4f0, 0x00007f9e651f24e0, 0x00007f9e651fc500,
0x00007f9e65515490, 0x00007f9d400523c0, 0x00007f9d40061e90, 0x00007f9d40076320,
0x00007f9d40077900, 0x00007f9e66c72bc0, 0x00007f9e674d1ba0, 0x00007f9e674dd230,
0x00007f9e674f36c0, 0x00007f9e659a4480, 0x00007f9e664fbf50, 0x00007f9e666bdc50,
0x00007f9e645fe930, 0x00007f9e6654f6e0, 0x00007f9e66522470, 0x00007f9e64b59d70,
0x00007f9e66d05730, 0x00007f9e66d0b5d0, 0x00007f9e66c26af0, 0x00007f9e66c5c0c0,
0x00007f9d800b4a10, 0x00007f9ebc90fe80, 0x00007f9ebc911890, 0x00007f9ebc151bc0,
0x00007f9e6801b160, 0x00007f9e54003120, 0x00007f9d54004ee0, 0x00007f9e68001560,
0x00007f9e6801a750, 0x00007f9e65e93930, 0x00007f9e65eac360, 0x00007f9e66ce2040,
0x00007f9e66ce8b50, 0x00007f9e66af7a70, 0x00007f9e66ce0090, 0x00007f9e659a3960,
0x00007f9cd4173dc0, 0x00007f9eb8534e70, 0x00007f9e65e90310, 0x00007f9e649e7080,
0x00007f9e64ede290, 0x00007f9e66af89b0, 0x00007f9e65e9db70, 0x00007f9e66afa320,
0x00007f9e65e94060, 0x00007f9e65e92c90, 0x00007f9e659c0bb0, 0x00007f9e65eaea20,
0x00007f9e6599f7a0, 0x00007f9e659c8d80, 0x00007f9e659c48a0, 0x00007f9e66d5c5a0,
0x00007f9e659a1620, 0x00007f9e659be9e0, 0x00007f9e6420bfd0, 0x00007f9ce0003160,
0x00007f9ce0003e30, 0x00007f9ce00028f0, 0x00007f9ce0006440, 0x00007f9ce0007090,
0x00007f9ce0007e40, 0x00007f9ce0009030, 0x00007f9ce000b410, 0x00007f9ce000c3c0,
0x00007f9ce000d730, 0x00007f9ce000e6b0, 0x00007f9ce000fa30, 0x00007f9ce0010dc0,
0x00007f9ce0011d60, 0x00007f9ce0013100, 0x00007f9d18005500, 0x00007f9d18002d60,
0x00007f9d180032d0, 0x00007f9d18003fd0, 0x00007f9d180098d0, 0x00007f9d1800a610,
0x00007f9d1800f670, 0x00007f9d18010750, 0x00007f9d18011b30, 0x00007f9d18012f20,
0x00007f9d18014310, 0x00007f9d180159d0, 0x00007f9d18016a00, 0x00007f9d18017a30,
0x00007f9d18018a60, 0x00007f9d18019e90, 0x00007f9d1801b3d0, 0x00007f9d1800d2d0,
0x00007f9d1800e1b0, 0x00007f9d1801c940, 0x00007f9d1801dd20, 0x00007f9d18021550,
0x00007f9e67c62260, 0x00007f9e66de5e60, 0x00007f9e649e6700, 0x00007f9e664f7db0,
0x00007f9e67c62b50, 0x00007f9e67c633f0, 0x00007f9e642109d0, 0x00007f9e664f5fb0,
0x00007f9e664f6bd0, 0x00007f9e6420d7e0, 0x00007f9cd40a9de0, 0x00007f9cd40aaa90,
0x00007f9e66bcf300, 0x00007f9e66bcfe50, 0x00007f9e66bd0b10, 0x00007f9e66bd3bb0,
0x00007f9e66bd4c60, 0x00007f9e66bd5d00, 0x00007f9e645f77e0, 0x00007f9d08001a10,
0x00007f9da8002080, 0x00007f9da80071a0, 0x00007f9da8009b80, 0x00007f9da800a720,
0x00007f9da800f2d0, 0x00007f9da800fce0, 0x00007f9da8010ae0, 0x00007f9da80117a0,
0x00007f9da8012840, 0x00007f9da80138e0, 0x00007f9da8014990, 0x00007f9da8015a40,
0x00007f9da8016ae0, 0x00007f9da8017b80, 0x00007f9da8018c30, 0x00007f9ebc968830,
0x00007f9ebc969c40
}

Java Threads: ( => current thread )
  0x00007f9f5801a330 JavaThread "main" [_thread_blocked, id=47617, stack(0x00007f9f60300000,0x00007f9f60400000)]
  0x00007f9f58193190 JavaThread "Reference Handler" daemon [_thread_blocked, id=47627, stack(0x00007f9f38021000,0x00007f9f38121000)]
  0x00007f9f58194580 JavaThread "Finalizer" daemon [_thread_blocked, id=47628, stack(0x00007f9f29f00000,0x00007f9f2a000000)]
  0x00007f9f58199bd0 JavaThread "Signal Dispatcher" daemon [_thread_blocked, id=47629, stack(0x00007f9f29b00000,0x00007f9f29c00000)]
  0x00007f9f5819af90 JavaThread "Service Thread" daemon [_thread_blocked, id=47630, stack(0x00007f9f299ff000,0x00007f9f29aff000)]
  0x00007f9f5819c3b0 JavaThread "Monitor Deflation Thread" daemon [_thread_blocked, id=47631, stack(0x00007f9f298fe000,0x00007f9f299fe000)]
  0x00007f9f5819ddf0 JavaThread "C2 CompilerThread0" daemon [_thread_blocked, id=47632, stack(0x00007f9f297fd000,0x00007f9f298fd000)]
  0x00007f9f5819f330 JavaThread "C1 CompilerThread0" daemon [_thread_blocked, id=47633, stack(0x00007f9f296fc000,0x00007f9f297fc000)]
  0x00007f9f581a07b0 JavaThread "Sweeper thread" daemon [_thread_blocked, id=47634, stack(0x00007f9f295fb000,0x00007f9f296fb000)]
  0x00007f9f581ac6a0 JavaThread "Common-Cleaner" daemon [_thread_blocked, id=47635, stack(0x00007f9f294fa000,0x00007f9f295fa000)]
  0x00007f9f5826c130 JavaThread "Notification Thread" daemon [_thread_blocked, id=47638, stack(0x00007f9f291f7000,0x00007f9f292f7000)]
  0x00007f9f5927f1e0 JavaThread "Daemon health stats" [_thread_blocked, id=47649, stack(0x00007f9f280fc000,0x00007f9f281fc000)]
  0x00007f9f592e5730 JavaThread "Incoming local TCP Connector on port 46229" [_thread_in_native, id=47650, stack(0x00007f9ed6f00000,0x00007f9ed7000000)]
  0x00007f9f59323890 JavaThread "Daemon periodic checks" [_thread_blocked, id=47651, stack(0x00007f9ed6dff000,0x00007f9ed6eff000)]
  0x00007f9e70017420 JavaThread "Daemon" [_thread_blocked, id=47652, stack(0x00007f9ed6cfe000,0x00007f9ed6dfe000)]
  0x00007f9e6800c080 JavaThread "Daemon worker" [_thread_blocked, id=47655, stack(0x00007f9ed69fb000,0x00007f9ed6afb000)]
  0x00007f9e6418ef50 JavaThread "Cache worker for journal cache (/home/nitrox/.gradle/caches/journal-1)" [_thread_blocked, id=47661, stack(0x00007f9f28d45000,0x00007f9f28e45000)]
  0x00007f9e64198210 JavaThread "File lock request listener" [_thread_in_native, id=47662, stack(0x00007f9ed65f7000,0x00007f9ed66f7000)]
  0x00007f9e641b3dc0 JavaThread "Cache worker for file hash cache (/home/nitrox/.gradle/caches/8.7/fileHashes)" [_thread_blocked, id=47664, stack(0x00007f9ed64f6000,0x00007f9ed65f6000)]
  0x00007f9e64e63b70 JavaThread "File watcher server" daemon [_thread_blocked, id=47667, stack(0x00007f9ed62f4000,0x00007f9ed63f4000)]
  0x00007f9e64e389f0 JavaThread "File watcher consumer" daemon [_thread_blocked, id=47668, stack(0x00007f9ed61f3000,0x00007f9ed62f3000)]
  0x00007f9e64f6a4f0 JavaThread "Cache worker for file content cache (/home/nitrox/.gradle/caches/8.7/fileContent)" [_thread_blocked, id=47682, stack(0x00007f9f28e46000,0x00007f9f28f46000)]
  0x00007f9e651f24e0 JavaThread "jar transforms" [_thread_blocked, id=47709, stack(0x00007f9ed51e3000,0x00007f9ed52e3000)]
  0x00007f9e651fc500 JavaThread "jar transforms Thread 2" [_thread_blocked, id=47711, stack(0x00007f9ed4fe1000,0x00007f9ed50e1000)]
  0x00007f9e65515490 JavaThread "Memory manager" [_thread_blocked, id=47738, stack(0x00007f9ed4ddf000,0x00007f9ed4edf000)]
  0x00007f9d400523c0 JavaThread "RMI Scheduler(0)" daemon [_thread_blocked, id=47889, stack(0x00007f9ce72f4000,0x00007f9ce73f4000)]
  0x00007f9d40061e90 JavaThread "RMI GC Daemon" daemon [_thread_blocked, id=47891, stack(0x00007f9ce70f2000,0x00007f9ce71f2000)]
  0x00007f9d40076320 JavaThread "RMI TCP Accept-0" daemon [_thread_in_native, id=47893, stack(0x00007f9ce6ff1000,0x00007f9ce70f1000)]
  0x00007f9d40077900 JavaThread "RMI Reaper" [_thread_blocked, id=47894, stack(0x00007f9ce6ef0000,0x00007f9ce6ff0000)]
  0x00007f9e66c72bc0 JavaThread "jar transforms Thread 3" [_thread_blocked, id=48019, stack(0x00007f9ce61e3000,0x00007f9ce62e3000)]
  0x00007f9e674d1ba0 JavaThread "jar transforms Thread 4" [_thread_blocked, id=48051, stack(0x00007f9ce41c3000,0x00007f9ce42c3000)]
  0x00007f9e674dd230 JavaThread "jar transforms Thread 5" [_thread_blocked, id=48078, stack(0x00007f9ce40c2000,0x00007f9ce41c2000)]
  0x00007f9e674f36c0 JavaThread "jar transforms Thread 6" [_thread_blocked, id=48080, stack(0x00007f9cdfdff000,0x00007f9cdfeff000)]
  0x00007f9e659a4480 JavaThread "included builds" [_thread_blocked, id=48836, stack(0x00007f9ce69eb000,0x00007f9ce6aeb000)]
  0x00007f9e664fbf50 JavaThread "jar transforms Thread 7" [_thread_blocked, id=49045, stack(0x00007f9dbe3e5000,0x00007f9dbe4e5000)]
  0x00007f9e666bdc50 JavaThread "jar transforms Thread 8" [_thread_blocked, id=49052, stack(0x00007f9dbd0d2000,0x00007f9dbd1d2000)]
  0x00007f9e645fe930 JavaThread "jar transforms Thread 9" [_thread_blocked, id=49053, stack(0x00007f9dbcfd1000,0x00007f9dbd0d1000)]
  0x00007f9e6654f6e0 JavaThread "jar transforms Thread 10" [_thread_blocked, id=49079, stack(0x00007f9ed68fa000,0x00007f9ed69fa000)]
  0x00007f9e66522470 JavaThread "jar transforms Thread 11" [_thread_blocked, id=49081, stack(0x00007f9dbced0000,0x00007f9dbcfd0000)]
  0x00007f9e64b59d70 JavaThread "jar transforms Thread 12" [_thread_blocked, id=49105, stack(0x00007f9dbcdcf000,0x00007f9dbcecf000)]
  0x00007f9e66d05730 JavaThread "jar transforms Thread 13" [_thread_blocked, id=49164, stack(0x00007f9dbccce000,0x00007f9dbcdce000)]
  0x00007f9e66d0b5d0 JavaThread "jar transforms Thread 14" [_thread_blocked, id=49166, stack(0x00007f9dbcacc000,0x00007f9dbcbcc000)]
  0x00007f9e66c26af0 JavaThread "jar transforms Thread 15" [_thread_blocked, id=49171, stack(0x00007f9dbc9cb000,0x00007f9dbcacb000)]
  0x00007f9e66c5c0c0 JavaThread "jar transforms Thread 16" [_thread_blocked, id=49181, stack(0x00007f9dbc7c9000,0x00007f9dbc8c9000)]
  0x00007f9d800b4a10 JavaThread "Exec process" [_thread_blocked, id=49239, stack(0x00007f9dbc0c2000,0x00007f9dbc1c2000)]
  0x00007f9ebc90fe80 JavaThread "process reaper (pid 55123)" daemon [_thread_in_native, id=49241, stack(0x00007f9f5c008000,0x00007f9f5c02a000)]
  0x00007f9ebc911890 JavaThread "Exec process Thread 2" [_thread_blocked, id=49242, stack(0x00007f9d6bf00000,0x00007f9d6c000000)]
  0x00007f9ebc151bc0 JavaThread "Exec process Thread 3" [_thread_in_native, id=49243, stack(0x00007f9ce7f00000,0x00007f9ce8000000)]
  0x00007f9e6801b160 JavaThread "VFS cleanup Thread 2" [_thread_blocked, id=54317, stack(0x00007f9ce71f3000,0x00007f9ce72f3000)]
  0x00007f9e54003120 JavaThread "File lock release action executor Thread 2" [_thread_blocked, id=54349, stack(0x00007f9ce60e2000,0x00007f9ce61e2000)]
  0x00007f9d54004ee0 JavaThread "RMI TCP Connection(idle)" daemon [_thread_blocked, id=54514, stack(0x00007f9dbc6c8000,0x00007f9dbc7c8000)]
  0x00007f9e68001560 JavaThread "Handler for socket connection from /127.0.0.1:46229 to /127.0.0.1:46094" [_thread_in_native, id=54919, stack(0x00007f9f293f9000,0x00007f9f294f9000)]
  0x00007f9e6801a750 JavaThread "Cancel handler" [_thread_blocked, id=54926, stack(0x00007f9ce64e6000,0x00007f9ce65e6000)]
  0x00007f9e65e93930 JavaThread "Asynchronous log dispatcher for DefaultDaemonConnection: socket connection from /127.0.0.1:46229 to /127.0.0.1:46094" [_thread_blocked, id=54927, stack(0x00007f9ed4cde000,0x00007f9ed4dde000)]
  0x00007f9e65eac360 JavaThread "Stdin handler" [_thread_blocked, id=54929, stack(0x00007f9ed6bfd000,0x00007f9ed6cfd000)]
  0x00007f9e66ce2040 JavaThread "Daemon client event forwarder" [_thread_blocked, id=54930, stack(0x00007f9dbeef0000,0x00007f9dbeff0000)]
  0x00007f9e66ce8b50 JavaThread "Cache worker for file hash cache (/home/nitrox/Telegram/.gradle/8.7/fileHashes)" [_thread_blocked, id=54936, stack(0x00007f9dbd3d5000,0x00007f9dbd4d5000)]
  0x00007f9e66af7a70 JavaThread "Cache worker for checksums cache (/home/nitrox/Telegram/.gradle/8.7/checksums)" [_thread_blocked, id=54937, stack(0x00007f9dbdfe1000,0x00007f9dbe0e1000)]
  0x00007f9e66ce0090 JavaThread "Cache worker for cache directory md-supplier (/home/nitrox/.gradle/caches/8.7/md-supplier)" [_thread_blocked, id=54938, stack(0x00007f9ce62e4000,0x00007f9ce63e4000)]
  0x00007f9e659a3960 JavaThread "Cache worker for cache directory md-rule (/home/nitrox/.gradle/caches/8.7/md-rule)" [_thread_blocked, id=54939, stack(0x00007f9dbc8ca000,0x00007f9dbc9ca000)]
  0x00007f9cd4173dc0 JavaThread "Cache worker for Build Output Cleanup Cache (/home/nitrox/Telegram/buildSrc/.gradle/buildOutputCleanup)" [_thread_blocked, id=54940, stack(0x00007f9dbd2d4000,0x00007f9dbd3d4000)]
  0x00007f9eb8534e70 JavaThread "C2 CompilerThread1" daemon [_thread_blocked, id=54941, stack(0x00007f9dbdee0000,0x00007f9dbdfe0000)]
  0x00007f9e65e90310 JavaThread "Unconstrained build operations" [_thread_blocked, id=54943, stack(0x00007f9ce67e9000,0x00007f9ce68e9000)]
  0x00007f9e649e7080 JavaThread "Unconstrained build operations Thread 2" [_thread_blocked, id=54944, stack(0x00007f9ce6def000,0x00007f9ce6eef000)]
  0x00007f9e64ede290 JavaThread "Unconstrained build operations Thread 3" [_thread_blocked, id=54945, stack(0x00007f9ce6cee000,0x00007f9ce6dee000)]
  0x00007f9e66af89b0 JavaThread "Unconstrained build operations Thread 4" [_thread_blocked, id=54946, stack(0x00007f9dbf6f8000,0x00007f9dbf7f8000)]
  0x00007f9e65e9db70 JavaThread "Unconstrained build operations Thread 5" [_thread_blocked, id=54947, stack(0x00007f9dbf5f7000,0x00007f9dbf6f7000)]
  0x00007f9e66afa320 JavaThread "Unconstrained build operations Thread 6" [_thread_blocked, id=54948, stack(0x00007f9dbfdff000,0x00007f9dbfeff000)]
  0x00007f9e65e94060 JavaThread "Unconstrained build operations Thread 7" [_thread_blocked, id=54949, stack(0x00007f9dbf7f9000,0x00007f9dbf8f9000)]
  0x00007f9e65e92c90 JavaThread "Unconstrained build operations Thread 8" [_thread_blocked, id=54950, stack(0x00007f9ed4bdd000,0x00007f9ed4cdd000)]
  0x00007f9e659c0bb0 JavaThread "Unconstrained build operations Thread 9" [_thread_blocked, id=54951, stack(0x00007f9dbfbfd000,0x00007f9dbfcfd000)]
  0x00007f9e65eaea20 JavaThread "Unconstrained build operations Thread 10" [_thread_blocked, id=54952, stack(0x00007f9ce7bfd000,0x00007f9ce7cfd000)]
  0x00007f9e6599f7a0 JavaThread "Unconstrained build operations Thread 11" [_thread_blocked, id=54953, stack(0x00007f9dbfafc000,0x00007f9dbfbfc000)]
  0x00007f9e659c8d80 JavaThread "Unconstrained build operations Thread 12" [_thread_blocked, id=54954, stack(0x00007f9dbe5e7000,0x00007f9dbe6e7000)]
  0x00007f9e659c48a0 JavaThread "Unconstrained build operations Thread 13" [_thread_blocked, id=54955, stack(0x00007f9ed45d7000,0x00007f9ed46d7000)]
  0x00007f9e66d5c5a0 JavaThread "Unconstrained build operations Thread 14" [_thread_blocked, id=54956, stack(0x00007f9dbd6d8000,0x00007f9dbd7d8000)]
  0x00007f9e659a1620 JavaThread "Unconstrained build operations Thread 15" [_thread_blocked, id=54957, stack(0x00007f9ce77f9000,0x00007f9ce78f9000)]
  0x00007f9e659be9e0 JavaThread "build event listener" [_thread_blocked, id=54960, stack(0x00007f9ce79fb000,0x00007f9ce7afb000)]
  0x00007f9e6420bfd0 JavaThread "included builds" [_thread_blocked, id=54961, stack(0x00007f9dbdbdd000,0x00007f9dbdcdd000)]
  0x00007f9ce0003160 JavaThread "Execution worker" [_thread_blocked, id=54962, stack(0x00007f9dbd9db000,0x00007f9dbdadb000)]
  0x00007f9ce0003e30 JavaThread "Execution worker Thread 2" [_thread_blocked, id=54963, stack(0x00007f9ce6bed000,0x00007f9ce6ced000)]
  0x00007f9ce00028f0 JavaThread "Execution worker Thread 3" [_thread_blocked, id=54964, stack(0x00007f9ed43d5000,0x00007f9ed44d5000)]
  0x00007f9ce0006440 JavaThread "Execution worker Thread 4" [_thread_blocked, id=54965, stack(0x00007f9ce5cde000,0x00007f9ce5dde000)]
  0x00007f9ce0007090 JavaThread "Execution worker Thread 5" [_thread_blocked, id=54966, stack(0x00007f9ce74f6000,0x00007f9ce75f6000)]
  0x00007f9ce0007e40 JavaThread "Execution worker Thread 6" [_thread_blocked, id=54967, stack(0x00007f9ce63e5000,0x00007f9ce64e5000)]
  0x00007f9ce0009030 JavaThread "Execution worker Thread 7" [_thread_blocked, id=54968, stack(0x00007f9dbdcde000,0x00007f9dbddde000)]
  0x00007f9ce000b410 JavaThread "Execution worker Thread 8" [_thread_blocked, id=54969, stack(0x00007f9dbe1e3000,0x00007f9dbe2e3000)]
  0x00007f9ce000c3c0 JavaThread "Execution worker Thread 9" [_thread_blocked, id=54970, stack(0x00007f9f292f8000,0x00007f9f293f8000)]
  0x00007f9ce000d730 JavaThread "Execution worker Thread 10" [_thread_blocked, id=54971, stack(0x00007f9f28fad000,0x00007f9f290ad000)]
  0x00007f9ce000e6b0 JavaThread "Execution worker Thread 11" [_thread_blocked, id=54972, stack(0x00007f9f28c44000,0x00007f9f28d44000)]
  0x00007f9ce000fa30 JavaThread "Execution worker Thread 12" [_thread_blocked, id=54973, stack(0x00007f9f28900000,0x00007f9f28a00000)]
  0x00007f9ce0010dc0 JavaThread "Execution worker Thread 13" [_thread_blocked, id=54974, stack(0x00007f9ed6afc000,0x00007f9ed6bfc000)]
  0x00007f9ce0011d60 JavaThread "Execution worker Thread 14" [_thread_blocked, id=54975, stack(0x00007f9ed67f9000,0x00007f9ed68f9000)]
  0x00007f9ce0013100 JavaThread "Execution worker Thread 15" [_thread_blocked, id=54976, stack(0x00007f9ed66f8000,0x00007f9ed67f8000)]
  0x00007f9d18005500 JavaThread "Cache worker for execution history cache (/home/nitrox/Telegram/buildSrc/.gradle/8.7/executionHistory)" [_thread_blocked, id=54977, stack(0x00007f9ed63f5000,0x00007f9ed64f5000)]
  0x00007f9d18002d60 JavaThread "Unconstrained build operations Thread 16" [_thread_blocked, id=54978, stack(0x00007f9ed56e8000,0x00007f9ed57e8000)]
  0x00007f9d180032d0 JavaThread "Unconstrained build operations Thread 17" [_thread_blocked, id=54979, stack(0x00007f9ed55e7000,0x00007f9ed56e7000)]
  0x00007f9d18003fd0 JavaThread "Unconstrained build operations Thread 18" [_thread_blocked, id=54980, stack(0x00007f9ed54e6000,0x00007f9ed55e6000)]
  0x00007f9d180098d0 JavaThread "Unconstrained build operations Thread 19" [_thread_blocked, id=54981, stack(0x00007f9ed53e5000,0x00007f9ed54e5000)]
  0x00007f9d1800a610 JavaThread "Unconstrained build operations Thread 20" [_thread_blocked, id=54982, stack(0x00007f9ed52e4000,0x00007f9ed53e4000)]
  0x00007f9d1800f670 JavaThread "Unconstrained build operations Thread 21" [_thread_blocked, id=54983, stack(0x00007f9ed50e2000,0x00007f9ed51e2000)]
  0x00007f9d18010750 JavaThread "Unconstrained build operations Thread 22" [_thread_blocked, id=54984, stack(0x00007f9ed4ee0000,0x00007f9ed4fe0000)]
  0x00007f9d18011b30 JavaThread "Unconstrained build operations Thread 23" [_thread_blocked, id=54985, stack(0x00007f9ed4adc000,0x00007f9ed4bdc000)]
  0x00007f9d18012f20 JavaThread "Unconstrained build operations Thread 24" [_thread_blocked, id=54986, stack(0x00007f9ed49db000,0x00007f9ed4adb000)]
  0x00007f9d18014310 JavaThread "Unconstrained build operations Thread 25" [_thread_blocked, id=54987, stack(0x00007f9ed48da000,0x00007f9ed49da000)]
  0x00007f9d180159d0 JavaThread "Unconstrained build operations Thread 26" [_thread_blocked, id=54990, stack(0x00007f9ed42d4000,0x00007f9ed43d4000)]
  0x00007f9d18016a00 JavaThread "Unconstrained build operations Thread 27" [_thread_blocked, id=54991, stack(0x00007f9ed41d3000,0x00007f9ed42d3000)]
  0x00007f9d18017a30 JavaThread "Unconstrained build operations Thread 28" [_thread_blocked, id=54992, stack(0x00007f9ed40d2000,0x00007f9ed41d2000)]
  0x00007f9d18018a60 JavaThread "Unconstrained build operations Thread 29" [_thread_blocked, id=54993, stack(0x00007f9dbff00000,0x00007f9dc0000000)]
  0x00007f9d18019e90 JavaThread "Unconstrained build operations Thread 30" [_thread_blocked, id=54994, stack(0x00007f9dbfcfe000,0x00007f9dbfdfe000)]
  0x00007f9d1801b3d0 JavaThread "Unconstrained build operations Thread 31" [_thread_blocked, id=54995, stack(0x00007f9dbf9fb000,0x00007f9dbfafb000)]
  0x00007f9d1800d2d0 JavaThread "Unconstrained build operations Thread 32" [_thread_blocked, id=54996, stack(0x00007f9dbf8fa000,0x00007f9dbf9fa000)]
  0x00007f9d1800e1b0 JavaThread "Unconstrained build operations Thread 33" [_thread_blocked, id=54997, stack(0x00007f9dbf4f6000,0x00007f9dbf5f6000)]
  0x00007f9d1801c940 JavaThread "Unconstrained build operations Thread 34" [_thread_blocked, id=54998, stack(0x00007f9dbf3f5000,0x00007f9dbf4f5000)]
  0x00007f9d1801dd20 JavaThread "Unconstrained build operations Thread 35" [_thread_blocked, id=54999, stack(0x00007f9dbf2f4000,0x00007f9dbf3f4000)]
  0x00007f9d18021550 JavaThread "Unconstrained build operations Thread 36" [_thread_blocked, id=55000, stack(0x00007f9dbf1f3000,0x00007f9dbf2f3000)]
  0x00007f9e67c62260 JavaThread "Unconstrained build operations Thread 37" [_thread_blocked, id=55001, stack(0x00007f9dbf0f2000,0x00007f9dbf1f2000)]
  0x00007f9e66de5e60 JavaThread "Unconstrained build operations Thread 38" [_thread_blocked, id=55002, stack(0x00007f9dbeff1000,0x00007f9dbf0f1000)]
  0x00007f9e649e6700 JavaThread "Cache worker for Build Output Cleanup Cache (/home/nitrox/Telegram/.gradle/buildOutputCleanup)" [_thread_blocked, id=55003, stack(0x00007f9dbe6e8000,0x00007f9dbe7e8000)]
  0x00007f9e664f7db0 JavaThread "Unconstrained build operations Thread 39" [_thread_blocked, id=55004, stack(0x00007f9dbe4e6000,0x00007f9dbe5e6000)]
  0x00007f9e67c62b50 JavaThread "Unconstrained build operations Thread 40" [_thread_blocked, id=55005, stack(0x00007f9dbe2e4000,0x00007f9dbe3e4000)]
  0x00007f9e67c633f0 JavaThread "Unconstrained build operations Thread 41" [_thread_blocked, id=55006, stack(0x00007f9dbe0e2000,0x00007f9dbe1e2000)]
  0x00007f9e642109d0 JavaThread "Unconstrained build operations Thread 42" [_thread_blocked, id=55007, stack(0x00007f9dbdddf000,0x00007f9dbdedf000)]
  0x00007f9e664f5fb0 JavaThread "Unconstrained build operations Thread 43" [_thread_blocked, id=55008, stack(0x00007f9dbdadc000,0x00007f9dbdbdc000)]
  0x00007f9e664f6bd0 JavaThread "Unconstrained build operations Thread 44" [_thread_blocked, id=55009, stack(0x00007f9dbd8da000,0x00007f9dbd9da000)]
  0x00007f9e6420d7e0 JavaThread "Unconstrained build operations Thread 45" [_thread_blocked, id=55010, stack(0x00007f9dbd7d9000,0x00007f9dbd8d9000)]
  0x00007f9cd40a9de0 JavaThread "Unconstrained build operations Thread 46" [_thread_blocked, id=55011, stack(0x00007f9dbd5d7000,0x00007f9dbd6d7000)]
  0x00007f9cd40aaa90 JavaThread "Unconstrained build operations Thread 47" [_thread_blocked, id=55012, stack(0x00007f9dbd4d6000,0x00007f9dbd5d6000)]
  0x00007f9e66bcf300 JavaThread "Unconstrained build operations Thread 48" [_thread_blocked, id=55013, stack(0x00007f9dbd1d3000,0x00007f9dbd2d3000)]
  0x00007f9e66bcfe50 JavaThread "Unconstrained build operations Thread 49" [_thread_blocked, id=55014, stack(0x00007f9dbcbcd000,0x00007f9dbcccd000)]
  0x00007f9e66bd0b10 JavaThread "Unconstrained build operations Thread 50" [_thread_blocked, id=55015, stack(0x00007f9dbc5c7000,0x00007f9dbc6c7000)]
  0x00007f9e66bd3bb0 JavaThread "Unconstrained build operations Thread 51" [_thread_blocked, id=55016, stack(0x00007f9dbc4c6000,0x00007f9dbc5c6000)]
  0x00007f9e66bd4c60 JavaThread "Unconstrained build operations Thread 52" [_thread_blocked, id=55017, stack(0x00007f9dbc3c5000,0x00007f9dbc4c5000)]
  0x00007f9e66bd5d00 JavaThread "Unconstrained build operations Thread 53" [_thread_blocked, id=55018, stack(0x00007f9ce7dff000,0x00007f9ce7eff000)]
  0x00007f9e645f77e0 JavaThread "build event listener" [_thread_blocked, id=55020, stack(0x00007f9ce7afc000,0x00007f9ce7bfc000)]
  0x00007f9d08001a10 JavaThread "Cache worker for execution history cache (/home/nitrox/Telegram/.gradle/8.7/executionHistory)" [_thread_blocked, id=55021, stack(0x00007f9ce78fa000,0x00007f9ce79fa000)]
  0x00007f9da8002080 JavaThread "Unconstrained build operations Thread 54" [_thread_blocked, id=55025, stack(0x00007f9ce73f5000,0x00007f9ce74f5000)]
  0x00007f9da80071a0 JavaThread "Unconstrained build operations Thread 55" [_thread_blocked, id=55026, stack(0x00007f9ce6aec000,0x00007f9ce6bec000)]
  0x00007f9da8009b80 JavaThread "Unconstrained build operations Thread 56" [_thread_blocked, id=55027, stack(0x00007f9ce68ea000,0x00007f9ce69ea000)]
  0x00007f9da800a720 JavaThread "Unconstrained build operations Thread 57" [_thread_blocked, id=55028, stack(0x00007f9ce66e8000,0x00007f9ce67e8000)]
  0x00007f9da800f2d0 JavaThread "Unconstrained build operations Thread 58" [_thread_blocked, id=55029, stack(0x00007f9ce65e7000,0x00007f9ce66e7000)]
  0x00007f9da800fce0 JavaThread "Unconstrained build operations Thread 59" [_thread_blocked, id=55030, stack(0x00007f9ce5ddf000,0x00007f9ce5edf000)]
  0x00007f9da8010ae0 JavaThread "Unconstrained build operations Thread 60" [_thread_blocked, id=55031, stack(0x00007f9ce5bdd000,0x00007f9ce5cdd000)]
  0x00007f9da80117a0 JavaThread "Unconstrained build operations Thread 61" [_thread_blocked, id=55032, stack(0x00007f9ce5adc000,0x00007f9ce5bdc000)]
  0x00007f9da8012840 JavaThread "Unconstrained build operations Thread 62" [_thread_blocked, id=55033, stack(0x00007f9ce59db000,0x00007f9ce5adb000)]
  0x00007f9da80138e0 JavaThread "Unconstrained build operations Thread 63" [_thread_blocked, id=55034, stack(0x00007f9ce58da000,0x00007f9ce59da000)]
  0x00007f9da8014990 JavaThread "Unconstrained build operations Thread 64" [_thread_blocked, id=55035, stack(0x00007f9ce57d9000,0x00007f9ce58d9000)]
  0x00007f9da8015a40 JavaThread "Unconstrained build operations Thread 65" [_thread_blocked, id=55036, stack(0x00007f9ce56d8000,0x00007f9ce57d8000)]
  0x00007f9da8016ae0 JavaThread "Unconstrained build operations Thread 66" [_thread_blocked, id=55037, stack(0x00007f9ce55d7000,0x00007f9ce56d7000)]
  0x00007f9da8017b80 JavaThread "Unconstrained build operations Thread 67" [_thread_blocked, id=55038, stack(0x00007f9ce54d6000,0x00007f9ce55d6000)]
  0x00007f9da8018c30 JavaThread "Unconstrained build operations Thread 68" [_thread_blocked, id=55039, stack(0x00007f9ce53d5000,0x00007f9ce54d5000)]
  0x00007f9ebc968830 JavaThread "C1 CompilerThread1" daemon [_thread_blocked, id=55124, stack(0x00007f9ed47d9000,0x00007f9ed48d9000)]
  0x00007f9ebc969c40 JavaThread "C1 CompilerThread2" daemon [_thread_blocked, id=55125, stack(0x00007f9dbc1c3000,0x00007f9dbc2c3000)]

Other Threads:
  0x00007f9f5818f1d0 VMThread "VM Thread" [stack: 0x00007f9f38122000,0x00007f9f38222000] [id=47626]
  0x00007f9f5801ca40 WatcherThread [stack: 0x00007f9f290f6000,0x00007f9f291f6000] [id=47639]
=>0x00007f9f580884c0 GCTaskThread "GC Thread#0" [stack: 0x00007f9f5dc21000,0x00007f9f5dd21000] [id=47618]
  0x00007f9f20006a00 GCTaskThread "GC Thread#1" [stack: 0x00007f9f28500000,0x00007f9f28600000] [id=47645]
  0x00007f9f20007420 GCTaskThread "GC Thread#2" [stack: 0x00007f9f283ff000,0x00007f9f284ff000] [id=47646]
  0x00007f9f20007e40 GCTaskThread "GC Thread#3" [stack: 0x00007f9f282fe000,0x00007f9f283fe000] [id=47647]
  0x00007f9f20008860 GCTaskThread "GC Thread#4" [stack: 0x00007f9f281fd000,0x00007f9f282fd000] [id=47648]
  0x00007f9f2000a040 GCTaskThread "GC Thread#5" [stack: 0x00007f9ed60f2000,0x00007f9ed61f2000] [id=47669]
  0x00007f9f2000a960 GCTaskThread "GC Thread#6" [stack: 0x00007f9ed5ff1000,0x00007f9ed60f1000] [id=47670]
  0x00007f9f2000b380 GCTaskThread "GC Thread#7" [stack: 0x00007f9ed5ef0000,0x00007f9ed5ff0000] [id=47671]
  0x00007f9f2000c020 GCTaskThread "GC Thread#8" [stack: 0x00007f9ed5def000,0x00007f9ed5eef000] [id=47672]
  0x00007f9f2000ca40 GCTaskThread "GC Thread#9" [stack: 0x00007f9ed5cee000,0x00007f9ed5dee000] [id=47673]
  0x00007f9f2000d460 GCTaskThread "GC Thread#10" [stack: 0x00007f9ed5bed000,0x00007f9ed5ced000] [id=47674]
  0x00007f9f2000de80 GCTaskThread "GC Thread#11" [stack: 0x00007f9ed5aec000,0x00007f9ed5bec000] [id=47675]
  0x00007f9f2000ea50 GCTaskThread "GC Thread#12" [stack: 0x00007f9ed59eb000,0x00007f9ed5aeb000] [id=47676]
  0x00007f9f58099b00 ConcurrentGCThread "G1 Main Marker" [stack: 0x00007f9f5c300000,0x00007f9f5c400000] [id=47619]
  0x00007f9f5809aa80 ConcurrentGCThread "G1 Conc#0" [stack: 0x00007f9f5c1ff000,0x00007f9f5c2ff000] [id=47620]
  0x00007f9f2c000e10 ConcurrentGCThread "G1 Conc#1" [stack: 0x00007f9ed58ea000,0x00007f9ed59ea000] [id=47677]
  0x00007f9f2c001870 ConcurrentGCThread "G1 Conc#2" [stack: 0x00007f9ed57e9000,0x00007f9ed58e9000] [id=47678]
  0x00007f9f58160380 ConcurrentGCThread "G1 Refine#0" [stack: 0x00007f9f383f5000,0x00007f9f384f5000] [id=47622]
  0x00007f9f240030d0 ConcurrentGCThread "G1 Refine#1" [stack: 0x00007f9dbedef000,0x00007f9dbeeef000] [id=47785]
  0x00007f9d6c000980 ConcurrentGCThread "G1 Refine#2" [stack: 0x00007f9dbecee000,0x00007f9dbedee000] [id=47786]
  0x00007f9d70000e10 ConcurrentGCThread "G1 Refine#3" [stack: 0x00007f9dbebed000,0x00007f9dbeced000] [id=47787]
  0x00007f9d5c000e10 ConcurrentGCThread "G1 Refine#4" [stack: 0x00007f9dbeaec000,0x00007f9dbebec000] [id=47788]
  0x00007f9d60000e10 ConcurrentGCThread "G1 Refine#5" [stack: 0x00007f9dbe9eb000,0x00007f9dbeaeb000] [id=47789]
  0x00007f9d54000e10 ConcurrentGCThread "G1 Refine#6" [stack: 0x00007f9dbe8ea000,0x00007f9dbe9ea000] [id=47790]
  0x00007f9d58000e10 ConcurrentGCThread "G1 Refine#7" [stack: 0x00007f9dbe7e9000,0x00007f9dbe8e9000] [id=47791]
  0x00007f9d4c000f10 ConcurrentGCThread "G1 Refine#8" [stack: 0x00007f9dbc2c4000,0x00007f9dbc3c4000] [id=50654]
  0x00007f9d34001b40 ConcurrentGCThread "G1 Refine#9" [stack: 0x00007f9ce5fe1000,0x00007f9ce60e1000] [id=50655]
  0x00007f9d300094b0 ConcurrentGCThread "G1 Refine#10" [stack: 0x00007f9ce5ee0000,0x00007f9ce5fe0000] [id=50656]
  0x00007f9d3c000f50 ConcurrentGCThread "G1 Refine#11" [stack: 0x00007f9ce76f8000,0x00007f9ce77f8000] [id=55022]
  0x00007f9df0001ae0 ConcurrentGCThread "G1 Refine#12" [stack: 0x00007f9ce75f7000,0x00007f9ce76f7000] [id=55023]
  0x00007f9f58161290 ConcurrentGCThread "G1 Service" [stack: 0x00007f9f382f4000,0x00007f9f383f4000] [id=47623]

Threads with active compile tasks:
C2 CompilerThread0  405643 30379       4       java.math.BigInteger::remainder (38 bytes)
C2 CompilerThread1  405643 30366       4       sun.security.util.DisabledAlgorithmConstraints::permits (39 bytes)
C1 CompilerThread1  405643 30407       3       javax.crypto.spec.SecretKeySpec::<init> (40 bytes)

VM state: at safepoint (normal execution)

VM Mutex/Monitor currently owned by a thread:  ([mutex/lock_event])
[0x00007f9f58017120] Threads_lock - owner thread: 0x00007f9f5818f1d0
[0x00007f9f580178d0] Heap_lock - owner thread: 0x00007f9da800a720

Heap address: 0x0000000700000000, size: 4096 MB, Compressed Oops mode: Zero based, Oop shift amount: 3

CDS archive(s) mapped at: [0x00007f9edb000000-0x00007f9edbbca000-0x00007f9edbbca000), size 12361728, SharedBaseAddress: 0x00007f9edb000000, ArchiveRelocationMode: 1.
Compressed class space mapped at: 0x00007f9edc000000-0x00007f9f1c000000, reserved size: 1073741824
Narrow klass base: 0x00007f9edb000000, Narrow klass shift: 0, Narrow klass range: 0x100000000

GC Precious Log:
 CPUs: 16 total, 16 available
 Memory: 15396M
 Large Page Support: Disabled
 NUMA Support: Disabled
 Compressed Oops: Enabled (Zero based)
 Heap Region Size: 2M
 Heap Min Capacity: 8M
 Heap Initial Capacity: 242M
 Heap Max Capacity: 4G
 Pre-touch: Disabled
 Parallel Workers: 13
 Concurrent Workers: 3
 Concurrent Refinement Workers: 13
 Periodic GC: Disabled

Heap:
 garbage-first heap   total 468992K, used 400937K [0x0000000700000000, 0x0000000800000000)
  region size 2048K, 36 young (73728K), 5 survivors (10240K)
 Metaspace       used 189934K, committed 191744K, reserved 1245184K
  class space    used 24726K, committed 25600K, reserved 1048576K

Heap Regions: E=young(eden), S=young(survivor), O=old, HS=humongous(starts), HC=humongous(continues), CS=collection set, F=free, OA=open archive, CA=closed archive, TAMS=top-at-mark-start (previous, next)
|   0|0x0000000700000000, 0x0000000700200000, 0x0000000700200000|100%|HS|  |TAMS 0x0000000700200000, 0x0000000700000000| Complete 
|   1|0x0000000700200000, 0x0000000700400000, 0x0000000700400000|100%|HC|  |TAMS 0x0000000700400000, 0x0000000700200000| Complete 
|   2|0x0000000700400000, 0x0000000700600000, 0x0000000700600000|100%| O|  |TAMS 0x0000000700600000, 0x0000000700400000| Untracked 
|   3|0x0000000700600000, 0x0000000700800000, 0x0000000700800000|100%| O|  |TAMS 0x0000000700800000, 0x0000000700600000| Untracked 
|   4|0x0000000700800000, 0x0000000700a00000, 0x0000000700a00000|100%| O|  |TAMS 0x0000000700a00000, 0x0000000700800000| Untracked 
|   5|0x0000000700a00000, 0x0000000700c00000, 0x0000000700c00000|100%| O|  |TAMS 0x0000000700c00000, 0x0000000700a00000| Untracked 
|   6|0x0000000700c00000, 0x0000000700dfb400, 0x0000000700e00000| 99%| O|  |TAMS 0x0000000700dfb400, 0x0000000700c00000| Untracked 
|   7|0x0000000700e00000, 0x0000000701000000, 0x0000000701000000|100%| O|  |TAMS 0x0000000701000000, 0x0000000700e00000| Untracked 
|   8|0x0000000701000000, 0x0000000701200000, 0x0000000701200000|100%| O|  |TAMS 0x0000000701200000, 0x0000000701000000| Untracked 
|   9|0x0000000701200000, 0x0000000701400000, 0x0000000701400000|100%|HS|  |TAMS 0x0000000701400000, 0x0000000701200000| Complete 
|  10|0x0000000701400000, 0x0000000701600000, 0x0000000701600000|100%|HS|  |TAMS 0x0000000701600000, 0x0000000701400000| Complete 
|  11|0x0000000701600000, 0x0000000701800000, 0x0000000701800000|100%| O|  |TAMS 0x0000000701800000, 0x0000000701600000| Untracked 
|  12|0x0000000701800000, 0x0000000701a00000, 0x0000000701a00000|100%| O|  |TAMS 0x0000000701a00000, 0x0000000701800000| Untracked 
|  13|0x0000000701a00000, 0x0000000701c00000, 0x0000000701c00000|100%| O|  |TAMS 0x0000000701c00000, 0x0000000701a00000| Untracked 
|  14|0x0000000701c00000, 0x0000000701e00000, 0x0000000701e00000|100%| O|  |TAMS 0x0000000701e00000, 0x0000000701c00000| Untracked 
|  15|0x0000000701e00000, 0x0000000702000000, 0x0000000702000000|100%| O|  |TAMS 0x0000000702000000, 0x0000000701e00000| Untracked 
|  16|0x0000000702000000, 0x0000000702200000, 0x0000000702200000|100%| O|  |TAMS 0x0000000702200000, 0x0000000702000000| Untracked 
|  17|0x0000000702200000, 0x0000000702400000, 0x0000000702400000|100%|HS|  |TAMS 0x0000000702400000, 0x0000000702200000| Complete 
|  18|0x0000000702400000, 0x0000000702600000, 0x0000000702600000|100%|HC|  |TAMS 0x0000000702600000, 0x0000000702400000| Complete 
|  19|0x0000000702600000, 0x0000000702800000, 0x0000000702800000|100%|HS|  |TAMS 0x0000000702800000, 0x0000000702600000| Complete 
|  20|0x0000000702800000, 0x0000000702a00000, 0x0000000702a00000|100%|HC|  |TAMS 0x0000000702a00000, 0x0000000702800000| Complete 
|  21|0x0000000702a00000, 0x0000000702c00000, 0x0000000702c00000|100%| O|  |TAMS 0x0000000702c00000, 0x0000000702a00000| Untracked 
|  22|0x0000000702c00000, 0x0000000702e00000, 0x0000000702e00000|100%| O|  |TAMS 0x0000000702e00000, 0x0000000702c00000| Untracked 
|  23|0x0000000702e00000, 0x0000000703000000, 0x0000000703000000|100%| O|  |TAMS 0x0000000703000000, 0x0000000702e00000| Untracked 
|  24|0x0000000703000000, 0x0000000703200000, 0x0000000703200000|100%| O|  |TAMS 0x0000000703200000, 0x0000000703000000| Untracked 
|  25|0x0000000703200000, 0x0000000703400000, 0x0000000703400000|100%| O|  |TAMS 0x0000000703400000, 0x0000000703200000| Untracked 
|  26|0x0000000703400000, 0x0000000703600000, 0x0000000703600000|100%| O|  |TAMS 0x0000000703600000, 0x0000000703400000| Untracked 
|  27|0x0000000703600000, 0x0000000703800000, 0x0000000703800000|100%| O|  |TAMS 0x0000000703800000, 0x0000000703600000| Untracked 
|  28|0x0000000703800000, 0x0000000703a00000, 0x0000000703a00000|100%| O|  |TAMS 0x0000000703a00000, 0x0000000703800000| Untracked 
|  29|0x0000000703a00000, 0x0000000703c00000, 0x0000000703c00000|100%| O|  |TAMS 0x0000000703c00000, 0x0000000703a00000| Untracked 
|  30|0x0000000703c00000, 0x0000000703e00000, 0x0000000703e00000|100%| O|  |TAMS 0x0000000703e00000, 0x0000000703c00000| Untracked 
|  31|0x0000000703e00000, 0x0000000704000000, 0x0000000704000000|100%| O|  |TAMS 0x0000000704000000, 0x0000000703e00000| Untracked 
|  32|0x0000000704000000, 0x0000000704200000, 0x0000000704200000|100%| O|  |TAMS 0x0000000704200000, 0x0000000704000000| Untracked 
|  33|0x0000000704200000, 0x0000000704400000, 0x0000000704400000|100%| O|  |TAMS 0x0000000704400000, 0x0000000704200000| Untracked 
|  34|0x0000000704400000, 0x0000000704600000, 0x0000000704600000|100%| O|  |TAMS 0x0000000704600000, 0x0000000704400000| Untracked 
|  35|0x0000000704600000, 0x0000000704800000, 0x0000000704800000|100%| O|  |TAMS 0x0000000704800000, 0x0000000704600000| Untracked 
|  36|0x0000000704800000, 0x0000000704a00000, 0x0000000704a00000|100%| O|  |TAMS 0x0000000704a00000, 0x0000000704800000| Untracked 
|  37|0x0000000704a00000, 0x0000000704c00000, 0x0000000704c00000|100%| O|  |TAMS 0x0000000704c00000, 0x0000000704a00000| Untracked 
|  38|0x0000000704c00000, 0x0000000704dffff8, 0x0000000704e00000| 99%| O|  |TAMS 0x0000000704dffff8, 0x0000000704c00000| Untracked 
|  39|0x0000000704e00000, 0x0000000705000000, 0x0000000705000000|100%| O|  |TAMS 0x0000000705000000, 0x0000000704e00000| Untracked 
|  40|0x0000000705000000, 0x0000000705200000, 0x0000000705200000|100%| O|  |TAMS 0x000000070514a000, 0x0000000705000000| Untracked 
|  41|0x0000000705200000, 0x0000000705400000, 0x0000000705400000|100%|HS|  |TAMS 0x0000000705400000, 0x0000000705200000| Complete 
|  42|0x0000000705400000, 0x0000000705600000, 0x0000000705600000|100%| O|  |TAMS 0x0000000705600000, 0x0000000705400000| Untracked 
|  43|0x0000000705600000, 0x0000000705800000, 0x0000000705800000|100%| O|  |TAMS 0x0000000705800000, 0x0000000705600000| Untracked 
|  44|0x0000000705800000, 0x0000000705a00000, 0x0000000705a00000|100%| O|  |TAMS 0x0000000705a00000, 0x0000000705800000| Untracked 
|  45|0x0000000705a00000, 0x0000000705c00000, 0x0000000705c00000|100%| O|  |TAMS 0x0000000705c00000, 0x0000000705a00000| Untracked 
|  46|0x0000000705c00000, 0x0000000705e00000, 0x0000000705e00000|100%| O|  |TAMS 0x0000000705e00000, 0x0000000705c00000| Untracked 
|  47|0x0000000705e00000, 0x0000000706000000, 0x0000000706000000|100%| O|  |TAMS 0x0000000706000000, 0x0000000705e00000| Untracked 
|  48|0x0000000706000000, 0x0000000706200000, 0x0000000706200000|100%| O|  |TAMS 0x0000000706200000, 0x0000000706000000| Untracked 
|  49|0x0000000706200000, 0x0000000706400000, 0x0000000706400000|100%| O|  |TAMS 0x0000000706400000, 0x0000000706200000| Untracked 
|  50|0x0000000706400000, 0x0000000706600000, 0x0000000706600000|100%| O|  |TAMS 0x0000000706600000, 0x0000000706400000| Untracked 
|  51|0x0000000706600000, 0x0000000706800000, 0x0000000706800000|100%|HS|  |TAMS 0x0000000706800000, 0x0000000706600000| Complete 
|  52|0x0000000706800000, 0x0000000706a00000, 0x0000000706a00000|100%|HC|  |TAMS 0x0000000706a00000, 0x0000000706800000| Complete 
|  53|0x0000000706a00000, 0x0000000706c00000, 0x0000000706c00000|100%| O|  |TAMS 0x0000000706a00000, 0x0000000706a00000| Untracked 
|  54|0x0000000706c00000, 0x0000000706e00000, 0x0000000706e00000|100%| O|  |TAMS 0x0000000706c00000, 0x0000000706c00000| Untracked 
|  55|0x0000000706e00000, 0x0000000707000000, 0x0000000707000000|100%| O|  |TAMS 0x0000000706e00000, 0x0000000706e00000| Untracked 
|  56|0x0000000707000000, 0x0000000707200000, 0x0000000707200000|100%| O|  |TAMS 0x0000000707000000, 0x0000000707000000| Untracked 
|  57|0x0000000707200000, 0x0000000707400000, 0x0000000707400000|100%| O|  |TAMS 0x0000000707200000, 0x0000000707200000| Untracked 
|  58|0x0000000707400000, 0x0000000707600000, 0x0000000707600000|100%| O|  |TAMS 0x0000000707400000, 0x0000000707400000| Untracked 
|  59|0x0000000707600000, 0x0000000707800000, 0x0000000707800000|100%| O|  |TAMS 0x0000000707600000, 0x0000000707600000| Untracked 
|  60|0x0000000707800000, 0x0000000707a00000, 0x0000000707a00000|100%| O|  |TAMS 0x0000000707800000, 0x0000000707800000| Untracked 
|  61|0x0000000707a00000, 0x0000000707c00000, 0x0000000707c00000|100%| O|  |TAMS 0x0000000707a00000, 0x0000000707a00000| Untracked 
|  62|0x0000000707c00000, 0x0000000707e00000, 0x0000000707e00000|100%| O|  |TAMS 0x0000000707c00000, 0x0000000707c00000| Untracked 
|  63|0x0000000707e00000, 0x0000000708000000, 0x0000000708000000|100%| O|  |TAMS 0x0000000707e00000, 0x0000000707e00000| Untracked 
|  64|0x0000000708000000, 0x0000000708200000, 0x0000000708200000|100%| O|  |TAMS 0x0000000708000000, 0x0000000708000000| Untracked 
|  65|0x0000000708200000, 0x0000000708400000, 0x0000000708400000|100%| O|  |TAMS 0x0000000708200000, 0x0000000708200000| Untracked 
|  66|0x0000000708400000, 0x0000000708600000, 0x0000000708600000|100%| O|  |TAMS 0x0000000708400000, 0x0000000708400000| Untracked 
|  67|0x0000000708600000, 0x0000000708800000, 0x0000000708800000|100%|HS|  |TAMS 0x0000000708600000, 0x0000000708600000| Complete 
|  68|0x0000000708800000, 0x0000000708a00000, 0x0000000708a00000|100%| O|  |TAMS 0x0000000708800000, 0x0000000708800000| Untracked 
|  69|0x0000000708a00000, 0x0000000708c00000, 0x0000000708c00000|100%| O|  |TAMS 0x0000000708a00000, 0x0000000708a00000| Untracked 
|  70|0x0000000708c00000, 0x0000000708e00000, 0x0000000708e00000|100%| O|  |TAMS 0x0000000708c00000, 0x0000000708c00000| Untracked 
|  71|0x0000000708e00000, 0x0000000709000000, 0x0000000709000000|100%| O|  |TAMS 0x0000000708e00000, 0x0000000708e00000| Untracked 
|  72|0x0000000709000000, 0x0000000709200000, 0x0000000709200000|100%| O|  |TAMS 0x0000000709000000, 0x0000000709000000| Untracked 
|  73|0x0000000709200000, 0x0000000709400000, 0x0000000709400000|100%| O|  |TAMS 0x0000000709200000, 0x0000000709200000| Untracked 
|  74|0x0000000709400000, 0x0000000709600000, 0x0000000709600000|100%| O|  |TAMS 0x0000000709400000, 0x0000000709400000| Untracked 
|  75|0x0000000709600000, 0x0000000709800000, 0x0000000709800000|100%| O|  |TAMS 0x0000000709600000, 0x0000000709600000| Untracked 
|  76|0x0000000709800000, 0x0000000709a00000, 0x0000000709a00000|100%| O|  |TAMS 0x0000000709800000, 0x0000000709800000| Untracked 
|  77|0x0000000709a00000, 0x0000000709c00000, 0x0000000709c00000|100%| O|  |TAMS 0x0000000709a00000, 0x0000000709a00000| Untracked 
|  78|0x0000000709c00000, 0x0000000709e00000, 0x0000000709e00000|100%| O|  |TAMS 0x0000000709c00000, 0x0000000709c00000| Untracked 
|  79|0x0000000709e00000, 0x000000070a000000, 0x000000070a000000|100%| O|  |TAMS 0x0000000709e00000, 0x0000000709e00000| Untracked 
|  80|0x000000070a000000, 0x000000070a200000, 0x000000070a200000|100%| O|  |TAMS 0x000000070a000000, 0x000000070a000000| Untracked 
|  81|0x000000070a200000, 0x000000070a400000, 0x000000070a400000|100%| O|  |TAMS 0x000000070a200000, 0x000000070a200000| Untracked 
|  82|0x000000070a400000, 0x000000070a600000, 0x000000070a600000|100%| O|  |TAMS 0x000000070a400000, 0x000000070a400000| Untracked 
|  83|0x000000070a600000, 0x000000070a800000, 0x000000070a800000|100%| O|  |TAMS 0x000000070a600000, 0x000000070a600000| Untracked 
|  84|0x000000070a800000, 0x000000070aa00000, 0x000000070aa00000|100%| O|  |TAMS 0x000000070a800000, 0x000000070a800000| Untracked 
|  85|0x000000070aa00000, 0x000000070ac00000, 0x000000070ac00000|100%| O|  |TAMS 0x000000070aa00000, 0x000000070aa00000| Untracked 
|  86|0x000000070ac00000, 0x000000070ae00000, 0x000000070ae00000|100%| O|  |TAMS 0x000000070ac00000, 0x000000070ac00000| Untracked 
|  87|0x000000070ae00000, 0x000000070b000000, 0x000000070b000000|100%| O|  |TAMS 0x000000070ae00000, 0x000000070ae00000| Untracked 
|  88|0x000000070b000000, 0x000000070b200000, 0x000000070b200000|100%| O|  |TAMS 0x000000070b000000, 0x000000070b000000| Untracked 
|  89|0x000000070b200000, 0x000000070b400000, 0x000000070b400000|100%| O|  |TAMS 0x000000070b200000, 0x000000070b200000| Untracked 
|  90|0x000000070b400000, 0x000000070b600000, 0x000000070b600000|100%| O|  |TAMS 0x000000070b400000, 0x000000070b400000| Untracked 
|  91|0x000000070b600000, 0x000000070b800000, 0x000000070b800000|100%| O|  |TAMS 0x000000070b600000, 0x000000070b600000| Untracked 
|  92|0x000000070b800000, 0x000000070ba00000, 0x000000070ba00000|100%| O|  |TAMS 0x000000070b800000, 0x000000070b800000| Untracked 
|  93|0x000000070ba00000, 0x000000070bc00000, 0x000000070bc00000|100%| O|  |TAMS 0x000000070ba00000, 0x000000070ba00000| Untracked 
|  94|0x000000070bc00000, 0x000000070be00000, 0x000000070be00000|100%| O|  |TAMS 0x000000070bc00000, 0x000000070bc00000| Untracked 
|  95|0x000000070be00000, 0x000000070c000000, 0x000000070c000000|100%|HS|  |TAMS 0x000000070be00000, 0x000000070be00000| Complete 
|  96|0x000000070c000000, 0x000000070c200000, 0x000000070c200000|100%|HC|  |TAMS 0x000000070c000000, 0x000000070c000000| Complete 
|  97|0x000000070c200000, 0x000000070c400000, 0x000000070c400000|100%| O|  |TAMS 0x000000070c200000, 0x000000070c200000| Untracked 
|  98|0x000000070c400000, 0x000000070c600000, 0x000000070c600000|100%| O|  |TAMS 0x000000070c400000, 0x000000070c400000| Untracked 
|  99|0x000000070c600000, 0x000000070c800000, 0x000000070c800000|100%| O|  |TAMS 0x000000070c600000, 0x000000070c600000| Untracked 
| 100|0x000000070c800000, 0x000000070ca00000, 0x000000070ca00000|100%| O|  |TAMS 0x000000070c800000, 0x000000070c800000| Untracked 
| 101|0x000000070ca00000, 0x000000070cc00000, 0x000000070cc00000|100%| O|  |TAMS 0x000000070ca00000, 0x000000070ca00000| Untracked 
| 102|0x000000070cc00000, 0x000000070ce00000, 0x000000070ce00000|100%| O|  |TAMS 0x000000070cc00000, 0x000000070cc00000| Untracked 
| 103|0x000000070ce00000, 0x000000070d000000, 0x000000070d000000|100%| O|  |TAMS 0x000000070ce00000, 0x000000070ce00000| Untracked 
| 104|0x000000070d000000, 0x000000070d200000, 0x000000070d200000|100%| O|  |TAMS 0x000000070d000000, 0x000000070d000000| Untracked 
| 105|0x000000070d200000, 0x000000070d400000, 0x000000070d400000|100%| O|  |TAMS 0x000000070d200000, 0x000000070d200000| Untracked 
| 106|0x000000070d400000, 0x000000070d600000, 0x000000070d600000|100%| O|  |TAMS 0x000000070d400000, 0x000000070d400000| Untracked 
| 107|0x000000070d600000, 0x000000070d800000, 0x000000070d800000|100%| O|  |TAMS 0x000000070d600000, 0x000000070d600000| Untracked 
| 108|0x000000070d800000, 0x000000070da00000, 0x000000070da00000|100%| O|  |TAMS 0x000000070d800000, 0x000000070d800000| Untracked 
| 109|0x000000070da00000, 0x000000070dc00000, 0x000000070dc00000|100%| O|  |TAMS 0x000000070da00000, 0x000000070da00000| Untracked 
| 110|0x000000070dc00000, 0x000000070de00000, 0x000000070de00000|100%| O|  |TAMS 0x000000070dc00000, 0x000000070dc00000| Untracked 
| 111|0x000000070de00000, 0x000000070e000000, 0x000000070e000000|100%| O|  |TAMS 0x000000070de00000, 0x000000070de00000| Untracked 
| 112|0x000000070e000000, 0x000000070e200000, 0x000000070e200000|100%| O|  |TAMS 0x000000070e000000, 0x000000070e000000| Untracked 
| 113|0x000000070e200000, 0x000000070e400000, 0x000000070e400000|100%| O|  |TAMS 0x000000070e200000, 0x000000070e200000| Untracked 
| 114|0x000000070e400000, 0x000000070e600000, 0x000000070e600000|100%| O|  |TAMS 0x000000070e400000, 0x000000070e400000| Untracked 
| 115|0x000000070e600000, 0x000000070e800000, 0x000000070e800000|100%| O|  |TAMS 0x000000070e600000, 0x000000070e600000| Untracked 
| 116|0x000000070e800000, 0x000000070ea00000, 0x000000070ea00000|100%| O|  |TAMS 0x000000070e800000, 0x000000070e800000| Untracked 
| 117|0x000000070ea00000, 0x000000070ec00000, 0x000000070ec00000|100%| O|  |TAMS 0x000000070ea00000, 0x000000070ea00000| Untracked 
| 118|0x000000070ec00000, 0x000000070ee00000, 0x000000070ee00000|100%| O|  |TAMS 0x000000070ec00000, 0x000000070ec00000| Untracked 
| 119|0x000000070ee00000, 0x000000070f000000, 0x000000070f000000|100%| O|  |TAMS 0x000000070ee00000, 0x000000070ee00000| Untracked 
| 120|0x000000070f000000, 0x000000070f200000, 0x000000070f200000|100%| O|  |TAMS 0x000000070f000000, 0x000000070f000000| Untracked 
| 121|0x000000070f200000, 0x000000070f400000, 0x000000070f400000|100%| O|  |TAMS 0x000000070f200000, 0x000000070f200000| Untracked 
| 122|0x000000070f400000, 0x000000070f600000, 0x000000070f600000|100%| O|  |TAMS 0x000000070f400000, 0x000000070f400000| Untracked 
| 123|0x000000070f600000, 0x000000070f800000, 0x000000070f800000|100%| O|  |TAMS 0x000000070f600000, 0x000000070f600000| Untracked 
| 124|0x000000070f800000, 0x000000070fa00000, 0x000000070fa00000|100%| O|  |TAMS 0x000000070f800000, 0x000000070f800000| Untracked 
| 125|0x000000070fa00000, 0x000000070fc00000, 0x000000070fc00000|100%| O|  |TAMS 0x000000070fa00000, 0x000000070fa00000| Untracked 
| 126|0x000000070fc00000, 0x000000070fe00000, 0x000000070fe00000|100%| O|  |TAMS 0x000000070fc00000, 0x000000070fc00000| Untracked 
| 127|0x000000070fe00000, 0x0000000710000000, 0x0000000710000000|100%| O|  |TAMS 0x000000070fe00000, 0x000000070fe00000| Untracked 
| 128|0x0000000710000000, 0x0000000710200000, 0x0000000710200000|100%| O|  |TAMS 0x0000000710000000, 0x0000000710000000| Untracked 
| 129|0x0000000710200000, 0x0000000710400000, 0x0000000710400000|100%| O|  |TAMS 0x0000000710200000, 0x0000000710200000| Untracked 
| 130|0x0000000710400000, 0x0000000710600000, 0x0000000710600000|100%| O|  |TAMS 0x0000000710400000, 0x0000000710400000| Untracked 
| 131|0x0000000710600000, 0x0000000710800000, 0x0000000710800000|100%| O|  |TAMS 0x0000000710600000, 0x0000000710600000| Untracked 
| 132|0x0000000710800000, 0x0000000710a00000, 0x0000000710a00000|100%| O|  |TAMS 0x0000000710800000, 0x0000000710800000| Untracked 
| 133|0x0000000710a00000, 0x0000000710c00000, 0x0000000710c00000|100%| O|  |TAMS 0x0000000710a00000, 0x0000000710a00000| Untracked 
| 134|0x0000000710c00000, 0x0000000710e00000, 0x0000000710e00000|100%| O|  |TAMS 0x0000000710c00000, 0x0000000710c00000| Untracked 
| 135|0x0000000710e00000, 0x0000000711000000, 0x0000000711000000|100%| O|  |TAMS 0x0000000710e00000, 0x0000000710e00000| Untracked 
| 136|0x0000000711000000, 0x0000000711200000, 0x0000000711200000|100%| O|  |TAMS 0x0000000711000000, 0x0000000711000000| Untracked 
| 137|0x0000000711200000, 0x0000000711400000, 0x0000000711400000|100%| O|  |TAMS 0x0000000711200000, 0x0000000711200000| Untracked 
| 138|0x0000000711400000, 0x0000000711600000, 0x0000000711600000|100%| O|  |TAMS 0x0000000711400000, 0x0000000711400000| Untracked 
| 139|0x0000000711600000, 0x0000000711800000, 0x0000000711800000|100%| O|  |TAMS 0x0000000711600000, 0x0000000711600000| Untracked 
| 140|0x0000000711800000, 0x0000000711a00000, 0x0000000711a00000|100%| O|  |TAMS 0x0000000711800000, 0x0000000711800000| Untracked 
| 141|0x0000000711a00000, 0x0000000711c00000, 0x0000000711c00000|100%| O|  |TAMS 0x0000000711a00000, 0x0000000711a00000| Untracked 
| 142|0x0000000711c00000, 0x0000000711e00000, 0x0000000711e00000|100%| O|  |TAMS 0x0000000711c00000, 0x0000000711c00000| Untracked 
| 143|0x0000000711e00000, 0x0000000712000000, 0x0000000712000000|100%| O|  |TAMS 0x0000000711e00000, 0x0000000711e00000| Untracked 
| 144|0x0000000712000000, 0x0000000712200000, 0x0000000712200000|100%| O|  |TAMS 0x0000000712000000, 0x0000000712000000| Untracked 
| 145|0x0000000712200000, 0x0000000712400000, 0x0000000712400000|100%| O|  |TAMS 0x0000000712200000, 0x0000000712200000| Untracked 
| 146|0x0000000712400000, 0x0000000712600000, 0x0000000712600000|100%| O|  |TAMS 0x0000000712400000, 0x0000000712400000| Untracked 
| 147|0x0000000712600000, 0x0000000712800000, 0x0000000712800000|100%| O|  |TAMS 0x0000000712600000, 0x0000000712600000| Untracked 
| 148|0x0000000712800000, 0x0000000712a00000, 0x0000000712a00000|100%| O|  |TAMS 0x0000000712800000, 0x0000000712800000| Untracked 
| 149|0x0000000712a00000, 0x0000000712c00000, 0x0000000712c00000|100%| O|  |TAMS 0x0000000712a00000, 0x0000000712a00000| Untracked 
| 150|0x0000000712c00000, 0x0000000712e00000, 0x0000000712e00000|100%| O|  |TAMS 0x0000000712c00000, 0x0000000712c00000| Untracked 
| 151|0x0000000712e00000, 0x0000000713000000, 0x0000000713000000|100%| O|  |TAMS 0x0000000712e00000, 0x0000000712e00000| Untracked 
| 152|0x0000000713000000, 0x0000000713200000, 0x0000000713200000|100%| O|  |TAMS 0x0000000713000000, 0x0000000713000000| Untracked 
| 153|0x0000000713200000, 0x0000000713400000, 0x0000000713400000|100%| O|  |TAMS 0x0000000713200000, 0x0000000713200000| Untracked 
| 154|0x0000000713400000, 0x0000000713600000, 0x0000000713600000|100%| O|  |TAMS 0x0000000713400000, 0x0000000713400000| Untracked 
| 155|0x0000000713600000, 0x0000000713800000, 0x0000000713800000|100%| O|  |TAMS 0x0000000713600000, 0x0000000713600000| Untracked 
| 156|0x0000000713800000, 0x0000000713a00000, 0x0000000713a00000|100%| O|  |TAMS 0x0000000713800000, 0x0000000713800000| Untracked 
| 157|0x0000000713a00000, 0x0000000713c00000, 0x0000000713c00000|100%| O|  |TAMS 0x0000000713a00000, 0x0000000713a00000| Untracked 
| 158|0x0000000713c00000, 0x0000000713e00000, 0x0000000713e00000|100%| O|  |TAMS 0x0000000713c00000, 0x0000000713c00000| Untracked 
| 159|0x0000000713e00000, 0x0000000714000000, 0x0000000714000000|100%| O|  |TAMS 0x0000000713e00000, 0x0000000713e00000| Untracked 
| 160|0x0000000714000000, 0x0000000714200000, 0x0000000714200000|100%| O|  |TAMS 0x0000000714000000, 0x0000000714000000| Untracked 
| 161|0x0000000714200000, 0x0000000714378b78, 0x0000000714400000| 73%| O|  |TAMS 0x0000000714200000, 0x0000000714200000| Untracked 
| 162|0x0000000714400000, 0x0000000714400000, 0x0000000714600000|  0%| F|  |TAMS 0x0000000714400000, 0x0000000714400000| Untracked 
| 163|0x0000000714600000, 0x0000000714600000, 0x0000000714800000|  0%| F|  |TAMS 0x0000000714600000, 0x0000000714600000| Untracked 
| 164|0x0000000714800000, 0x0000000714800000, 0x0000000714a00000|  0%| F|  |TAMS 0x0000000714800000, 0x0000000714800000| Untracked 
| 165|0x0000000714a00000, 0x0000000714a00000, 0x0000000714c00000|  0%| F|  |TAMS 0x0000000714a00000, 0x0000000714a00000| Untracked 
| 166|0x0000000714c00000, 0x0000000714c00000, 0x0000000714e00000|  0%| F|  |TAMS 0x0000000714c00000, 0x0000000714c00000| Untracked 
| 167|0x0000000714e00000, 0x0000000714e00000, 0x0000000715000000|  0%| F|  |TAMS 0x0000000714e00000, 0x0000000714e00000| Untracked 
| 168|0x0000000715000000, 0x0000000715000000, 0x0000000715200000|  0%| F|  |TAMS 0x0000000715000000, 0x0000000715000000| Untracked 
| 169|0x0000000715200000, 0x0000000715200000, 0x0000000715400000|  0%| F|  |TAMS 0x0000000715200000, 0x0000000715200000| Untracked 
| 170|0x0000000715400000, 0x0000000715400000, 0x0000000715600000|  0%| F|  |TAMS 0x0000000715400000, 0x0000000715400000| Untracked 
| 171|0x0000000715600000, 0x0000000715600000, 0x0000000715800000|  0%| F|  |TAMS 0x0000000715600000, 0x0000000715600000| Untracked 
| 172|0x0000000715800000, 0x0000000715800000, 0x0000000715a00000|  0%| F|  |TAMS 0x0000000715800000, 0x0000000715800000| Untracked 
| 173|0x0000000715a00000, 0x0000000715a00000, 0x0000000715c00000|  0%| F|  |TAMS 0x0000000715a00000, 0x0000000715a00000| Untracked 
| 174|0x0000000715c00000, 0x0000000715c00000, 0x0000000715e00000|  0%| F|  |TAMS 0x0000000715c00000, 0x0000000715c00000| Untracked 
| 175|0x0000000715e00000, 0x0000000715e00000, 0x0000000716000000|  0%| F|  |TAMS 0x0000000715e00000, 0x0000000715e00000| Untracked 
| 176|0x0000000716000000, 0x0000000716000000, 0x0000000716200000|  0%| F|  |TAMS 0x0000000716000000, 0x0000000716000000| Untracked 
| 177|0x0000000716200000, 0x0000000716200000, 0x0000000716400000|  0%| F|  |TAMS 0x0000000716200000, 0x0000000716200000| Untracked 
| 178|0x0000000716400000, 0x0000000716400000, 0x0000000716600000|  0%| F|  |TAMS 0x0000000716400000, 0x0000000716400000| Untracked 
| 179|0x0000000716600000, 0x0000000716600000, 0x0000000716800000|  0%| F|  |TAMS 0x0000000716600000, 0x0000000716600000| Untracked 
| 180|0x0000000716800000, 0x0000000716800000, 0x0000000716a00000|  0%| F|  |TAMS 0x0000000716800000, 0x0000000716800000| Untracked 
| 181|0x0000000716a00000, 0x0000000716a00000, 0x0000000716c00000|  0%| F|  |TAMS 0x0000000716a00000, 0x0000000716a00000| Untracked 
| 182|0x0000000716c00000, 0x0000000716c00000, 0x0000000716e00000|  0%| F|  |TAMS 0x0000000716c00000, 0x0000000716c00000| Untracked 
| 183|0x0000000716e00000, 0x0000000716e00000, 0x0000000717000000|  0%| F|  |TAMS 0x0000000716e00000, 0x0000000716e00000| Untracked 
| 184|0x0000000717000000, 0x0000000717000000, 0x0000000717200000|  0%| F|  |TAMS 0x0000000717000000, 0x0000000717000000| Untracked 
| 185|0x0000000717200000, 0x0000000717200000, 0x0000000717400000|  0%| F|  |TAMS 0x0000000717200000, 0x0000000717200000| Untracked 
| 186|0x0000000717400000, 0x000000071743db40, 0x0000000717600000| 12%| E|CS|TAMS 0x0000000717400000, 0x0000000717400000| Complete 
| 187|0x0000000717600000, 0x00000007176c8bb0, 0x0000000717800000| 39%| S|  |TAMS 0x0000000717600000, 0x0000000717600000| Complete 
| 188|0x0000000717800000, 0x0000000717a00000, 0x0000000717a00000|100%| S|  |TAMS 0x0000000717800000, 0x0000000717800000| Complete 
| 189|0x0000000717a00000, 0x0000000717c00000, 0x0000000717c00000|100%| S|  |TAMS 0x0000000717a00000, 0x0000000717a00000| Complete 
| 190|0x0000000717c00000, 0x0000000717e00000, 0x0000000717e00000|100%| S|  |TAMS 0x0000000717c00000, 0x0000000717c00000| Complete 
| 191|0x0000000717e00000, 0x0000000718000000, 0x0000000718000000|100%| S|  |TAMS 0x0000000717e00000, 0x0000000717e00000| Complete 
| 192|0x0000000718000000, 0x0000000718200000, 0x0000000718200000|100%| E|CS|TAMS 0x0000000718000000, 0x0000000718000000| Complete 
| 193|0x0000000718200000, 0x0000000718400000, 0x0000000718400000|100%| E|CS|TAMS 0x0000000718200000, 0x0000000718200000| Complete 
| 194|0x0000000718400000, 0x0000000718600000, 0x0000000718600000|100%| E|CS|TAMS 0x0000000718400000, 0x0000000718400000| Complete 
| 195|0x0000000718600000, 0x0000000718800000, 0x0000000718800000|100%| E|CS|TAMS 0x0000000718600000, 0x0000000718600000| Complete 
| 196|0x0000000718800000, 0x0000000718a00000, 0x0000000718a00000|100%| E|CS|TAMS 0x0000000718800000, 0x0000000718800000| Complete 
| 197|0x0000000718a00000, 0x0000000718c00000, 0x0000000718c00000|100%| E|CS|TAMS 0x0000000718a00000, 0x0000000718a00000| Complete 
| 198|0x0000000718c00000, 0x0000000718e00000, 0x0000000718e00000|100%| E|CS|TAMS 0x0000000718c00000, 0x0000000718c00000| Complete 
| 199|0x0000000718e00000, 0x0000000719000000, 0x0000000719000000|100%| E|CS|TAMS 0x0000000718e00000, 0x0000000718e00000| Complete 
| 200|0x0000000719000000, 0x0000000719200000, 0x0000000719200000|100%| E|CS|TAMS 0x0000000719000000, 0x0000000719000000| Complete 
| 201|0x0000000719200000, 0x0000000719400000, 0x0000000719400000|100%| E|CS|TAMS 0x0000000719200000, 0x0000000719200000| Complete 
| 202|0x0000000719400000, 0x0000000719600000, 0x0000000719600000|100%| E|CS|TAMS 0x0000000719400000, 0x0000000719400000| Complete 
| 203|0x0000000719600000, 0x0000000719800000, 0x0000000719800000|100%| E|CS|TAMS 0x0000000719600000, 0x0000000719600000| Complete 
| 204|0x0000000719800000, 0x0000000719a00000, 0x0000000719a00000|100%| E|CS|TAMS 0x0000000719800000, 0x0000000719800000| Complete 
| 205|0x0000000719a00000, 0x0000000719c00000, 0x0000000719c00000|100%| E|CS|TAMS 0x0000000719a00000, 0x0000000719a00000| Complete 
| 206|0x0000000719c00000, 0x0000000719e00000, 0x0000000719e00000|100%| E|CS|TAMS 0x0000000719c00000, 0x0000000719c00000| Complete 
| 207|0x0000000719e00000, 0x000000071a000000, 0x000000071a000000|100%| E|CS|TAMS 0x0000000719e00000, 0x0000000719e00000| Complete 
| 208|0x000000071a000000, 0x000000071a200000, 0x000000071a200000|100%| E|CS|TAMS 0x000000071a000000, 0x000000071a000000| Complete 
| 209|0x000000071a200000, 0x000000071a400000, 0x000000071a400000|100%| E|CS|TAMS 0x000000071a200000, 0x000000071a200000| Complete 
| 210|0x000000071a400000, 0x000000071a600000, 0x000000071a600000|100%| E|CS|TAMS 0x000000071a400000, 0x000000071a400000| Complete 
| 211|0x000000071a600000, 0x000000071a800000, 0x000000071a800000|100%| E|CS|TAMS 0x000000071a600000, 0x000000071a600000| Complete 
| 212|0x000000071a800000, 0x000000071aa00000, 0x000000071aa00000|100%| E|CS|TAMS 0x000000071a800000, 0x000000071a800000| Complete 
| 213|0x000000071aa00000, 0x000000071ac00000, 0x000000071ac00000|100%| E|CS|TAMS 0x000000071aa00000, 0x000000071aa00000| Complete 
| 214|0x000000071ac00000, 0x000000071ae00000, 0x000000071ae00000|100%| E|CS|TAMS 0x000000071ac00000, 0x000000071ac00000| Complete 
| 215|0x000000071ae00000, 0x000000071b000000, 0x000000071b000000|100%| E|CS|TAMS 0x000000071ae00000, 0x000000071ae00000| Complete 
| 216|0x000000071b000000, 0x000000071b200000, 0x000000071b200000|100%| E|CS|TAMS 0x000000071b000000, 0x000000071b000000| Complete 
| 217|0x000000071b200000, 0x000000071b400000, 0x000000071b400000|100%| E|CS|TAMS 0x000000071b200000, 0x000000071b200000| Complete 
| 218|0x000000071b400000, 0x000000071b600000, 0x000000071b600000|100%| E|CS|TAMS 0x000000071b400000, 0x000000071b400000| Complete 
| 219|0x000000071b600000, 0x000000071b800000, 0x000000071b800000|100%| E|CS|TAMS 0x000000071b600000, 0x000000071b600000| Complete 
| 220|0x000000071b800000, 0x000000071ba00000, 0x000000071ba00000|100%| E|CS|TAMS 0x000000071b800000, 0x000000071b800000| Complete 
| 221|0x000000071ba00000, 0x000000071bc00000, 0x000000071bc00000|100%| E|CS|TAMS 0x000000071ba00000, 0x000000071ba00000| Complete 
| 222|0x000000071bc00000, 0x000000071be00000, 0x000000071be00000|100%| E|CS|TAMS 0x000000071bc00000, 0x000000071bc00000| Complete 
| 223|0x000000071be00000, 0x000000071c000000, 0x000000071c000000|100%| E|CS|TAMS 0x000000071be00000, 0x000000071be00000| Complete 
| 224|0x000000071c000000, 0x000000071c200000, 0x000000071c200000|100%| E|CS|TAMS 0x000000071c000000, 0x000000071c000000| Complete 
| 225|0x000000071c200000, 0x000000071c400000, 0x000000071c400000|100%| E|CS|TAMS 0x000000071c200000, 0x000000071c200000| Complete 
| 226|0x000000071c400000, 0x000000071c600000, 0x000000071c600000|100%| E|CS|TAMS 0x000000071c400000, 0x000000071c400000| Complete 
|2046|0x00000007ffc00000, 0x00000007ffd75000, 0x00000007ffe00000| 72%|OA|  |TAMS 0x00000007ffd75000, 0x00000007ffc00000| Untracked 
|2047|0x00000007ffe00000, 0x00000007ffe78000, 0x0000000800000000| 23%|CA|  |TAMS 0x00000007ffe78000, 0x00000007ffe00000| Untracked 

Card table byte_map: [0x00007f9f5cc00000,0x00007f9f5d400000] _byte_map_base: 0x00007f9f59400000

Marking Bits (Prev, Next): (CMBitMap*) 0x00007f9f58088fa0, (CMBitMap*) 0x00007f9f58088f60
 Prev Bits: [0x00007f9f39000000, 0x00007f9f3d000000)
 Next Bits: [0x00007f9f3d000000, 0x00007f9f41000000)

Polling page: 0x00007f9f607c7000

Metaspace:

Usage:
  Non-class:    161.34 MB used.
      Class:     24.15 MB used.
       Both:    185.48 MB used.

Virtual space:
  Non-class space:      192.00 MB reserved,     162.25 MB ( 85%) committed,  3 nodes.
      Class space:        1.00 GB reserved,      25.00 MB (  2%) committed,  1 nodes.
             Both:        1.19 GB reserved,     187.25 MB ( 15%) committed. 

Chunk freelists:
   Non-Class:  12.97 MB
       Class:  6.87 MB
        Both:  19.84 MB

MaxMetaspaceSize: unlimited
CompressedClassSpaceSize: 1.00 GB
Initial GC threshold: 21.00 MB
Current GC threshold: 219.00 MB
CDS: on
MetaspaceReclaimPolicy: balanced
 - commit_granule_bytes: 65536.
 - commit_granule_words: 8192.
 - virtual_space_node_default_size: 8388608.
 - enlarge_chunks_in_place: 1.
 - new_chunks_are_fully_committed: 0.
 - uncommit_free_chunks: 1.
 - use_allocation_guard: 0.
 - handle_deallocations: 1.


Internal statistics:

num_allocs_failed_limit: 15.
num_arena_births: 2452.
num_arena_deaths: 0.
num_vsnodes_births: 4.
num_vsnodes_deaths: 0.
num_space_committed: 2993.
num_space_uncommitted: 0.
num_chunks_returned_to_freelist: 15.
num_chunks_taken_from_freelist: 10381.
num_chunk_merges: 15.
num_chunk_splits: 7022.
num_chunks_enlarged: 4767.
num_inconsistent_stats: 0.

CodeHeap 'non-profiled nmethods': size=119168Kb used=20144Kb max_used=20144Kb free=99023Kb
 bounds [0x00007f9f48ba0000, 0x00007f9f49f50000, 0x00007f9f50000000]
CodeHeap 'profiled nmethods': size=119164Kb used=55371Kb max_used=55371Kb free=63792Kb
 bounds [0x00007f9f41000000, 0x00007f9f44620000, 0x00007f9f4845f000]
CodeHeap 'non-nmethods': size=7428Kb used=3803Kb max_used=4451Kb free=3624Kb
 bounds [0x00007f9f4845f000, 0x00007f9f488bf000, 0x00007f9f48ba0000]
 total_blobs=26817 nmethods=25558 adapters=1167
 compilation: enabled
              stopped_count=0, restarted_count=0
 full_count=0

Compilation events (20 events):
Event: 405.374 Thread 0x00007f9ebc968830 nmethod 30394 0x00007f9f49f4b710 code [0x00007f9f49f4b8a0, 0x00007f9f49f4b970]
Event: 405.374 Thread 0x00007f9ebc968830 30395       1       sun.security.ssl.SSLContextImpl$AbstractTLSContext::isDTLS (2 bytes)
Event: 405.374 Thread 0x00007f9ebc968830 nmethod 30395 0x00007f9f49f4ba10 code [0x00007f9f49f4bba0, 0x00007f9f49f4bc70]
Event: 405.379 Thread 0x00007f9f5819f330 30398       3       sun.security.ssl.HandshakeOutStream::putInt8 (13 bytes)
Event: 405.379 Thread 0x00007f9f5819f330 nmethod 30398 0x00007f9f44611310 code [0x00007f9f446114e0, 0x00007f9f446117d0]
Event: 405.379 Thread 0x00007f9f5819f330 30397       1       sun.security.ssl.SSLCipher$NullWriteCipherGenerator$NullWriteCipher::isNullCipher (2 bytes)
Event: 405.379 Thread 0x00007f9f5819f330 nmethod 30397 0x00007f9f49f4bd10 code [0x00007f9f49f4bea0, 0x00007f9f49f4bf70]
Event: 405.527 Thread 0x00007f9ebc969c40 30399       3       sun.security.ssl.SSLExtension::values (10 bytes)
Event: 405.527 Thread 0x00007f9ebc969c40 nmethod 30399 0x00007f9f44611990 code [0x00007f9f44611b40, 0x00007f9f44611de0]
Event: 405.527 Thread 0x00007f9ebc969c40 30400       3       sun.security.ssl.Record::getInt8 (14 bytes)
Event: 405.528 Thread 0x00007f9ebc969c40 nmethod 30400 0x00007f9f44611e90 code [0x00007f9f44612060, 0x00007f9f44612430]
Event: 405.528 Thread 0x00007f9ebc969c40 30401       1       sun.security.ec.XDHPublicKeyImpl::getAlgorithm (3 bytes)
Event: 405.528 Thread 0x00007f9ebc969c40 nmethod 30401 0x00007f9f49f4c010 code [0x00007f9f49f4c1a0, 0x00007f9f49f4c270]
Event: 405.528 Thread 0x00007f9ebc969c40 30402       3       sun.security.ec.XECParameters::getBytes (11 bytes)
Event: 405.528 Thread 0x00007f9ebc969c40 nmethod 30402 0x00007f9f44612590 code [0x00007f9f44612720, 0x00007f9f44612850]
Event: 405.530 Thread 0x00007f9ebc968830 30404       3       sun.security.ssl.SSLHandshake$HandshakeMessage::<init> (10 bytes)
Event: 405.530 Thread 0x00007f9ebc968830 nmethod 30404 0x00007f9f44612910 code [0x00007f9f44612ac0, 0x00007f9f44612c70]
Event: 405.530 Thread 0x00007f9ebc968830 30406       3       javax.crypto.spec.SecretKeySpec::doSanityCheck (26 bytes)
Event: 405.531 Thread 0x00007f9ebc968830 nmethod 30406 0x00007f9f44612d10 code [0x00007f9f44612ec0, 0x00007f9f446130d0]
Event: 405.531 Thread 0x00007f9ebc968830 30407       3       javax.crypto.spec.SecretKeySpec::<init> (40 bytes)

GC Heap History (20 events):
Event: 171.529 GC heap after
{Heap after GC invocations=65 (full 0):
 garbage-first heap   total 468992K, used 278806K [0x0000000700000000, 0x0000000800000000)
  region size 2048K, 5 young (10240K), 5 survivors (10240K)
 Metaspace       used 187915K, committed 189504K, reserved 1245184K
  class space    used 24549K, committed 25280K, reserved 1048576K
}
Event: 181.251 GC heap before
{Heap before GC invocations=65 (full 0):
 garbage-first heap   total 468992K, used 399638K [0x0000000700000000, 0x0000000800000000)
  region size 2048K, 60 young (122880K), 5 survivors (10240K)
 Metaspace       used 188355K, committed 190016K, reserved 1245184K
  class space    used 24603K, committed 25408K, reserved 1048576K
}
Event: 181.292 GC heap after
{Heap after GC invocations=66 (full 0):
 garbage-first heap   total 468992K, used 287739K [0x0000000700000000, 0x0000000800000000)
  region size 2048K, 7 young (14336K), 7 survivors (14336K)
 Metaspace       used 188355K, committed 190016K, reserved 1245184K
  class space    used 24603K, committed 25408K, reserved 1048576K
}
Event: 181.774 GC heap before
{Heap before GC invocations=66 (full 0):
 garbage-first heap   total 468992K, used 394235K [0x0000000700000000, 0x0000000800000000)
  region size 2048K, 59 young (120832K), 7 survivors (14336K)
 Metaspace       used 188355K, committed 190016K, reserved 1245184K
  class space    used 24603K, committed 25408K, reserved 1048576K
}
Event: 181.799 GC heap after
{Heap after GC invocations=67 (full 0):
 garbage-first heap   total 468992K, used 289437K [0x0000000700000000, 0x0000000800000000)
  region size 2048K, 6 young (12288K), 6 survivors (12288K)
 Metaspace       used 188355K, committed 190016K, reserved 1245184K
  class space    used 24603K, committed 25408K, reserved 1048576K
}
Event: 267.091 GC heap before
{Heap before GC invocations=67 (full 0):
 garbage-first heap   total 468992K, used 395933K [0x0000000700000000, 0x0000000800000000)
  region size 2048K, 58 young (118784K), 6 survivors (12288K)
 Metaspace       used 188389K, committed 190080K, reserved 1245184K
  class space    used 24603K, committed 25408K, reserved 1048576K
}
Event: 267.142 GC heap after
{Heap after GC invocations=68 (full 0):
 garbage-first heap   total 468992K, used 286234K [0x0000000700000000, 0x0000000800000000)
  region size 2048K, 1 young (2048K), 1 survivors (2048K)
 Metaspace       used 188389K, committed 190080K, reserved 1245184K
  class space    used 24603K, committed 25408K, reserved 1048576K
}
Event: 400.775 GC heap before
{Heap before GC invocations=68 (full 0):
 garbage-first heap   total 468992K, used 398874K [0x0000000700000000, 0x0000000800000000)
  region size 2048K, 57 young (116736K), 1 survivors (2048K)
 Metaspace       used 188748K, committed 190400K, reserved 1245184K
  class space    used 24625K, committed 25408K, reserved 1048576K
}
Event: 400.781 GC heap after
{Heap after GC invocations=69 (full 0):
 garbage-first heap   total 468992K, used 291458K [0x0000000700000000, 0x0000000800000000)
  region size 2048K, 4 young (8192K), 4 survivors (8192K)
 Metaspace       used 188748K, committed 190400K, reserved 1245184K
  class space    used 24625K, committed 25408K, reserved 1048576K
}
Event: 402.077 GC heap before
{Heap before GC invocations=69 (full 0):
 garbage-first heap   total 468992K, used 395906K [0x0000000700000000, 0x0000000800000000)
  region size 2048K, 56 young (114688K), 4 survivors (8192K)
 Metaspace       used 189661K, committed 191424K, reserved 1245184K
  class space    used 24699K, committed 25536K, reserved 1048576K
}
Event: 402.098 GC heap after
{Heap after GC invocations=70 (full 0):
 garbage-first heap   total 468992K, used 316247K [0x0000000700000000, 0x0000000800000000)
  region size 2048K, 7 young (14336K), 7 survivors (14336K)
 Metaspace       used 189661K, committed 191424K, reserved 1245184K
  class space    used 24699K, committed 25536K, reserved 1048576K
}
Event: 402.961 GC heap before
{Heap before GC invocations=70 (full 0):
 garbage-first heap   total 468992K, used 385879K [0x0000000700000000, 0x0000000800000000)
  region size 2048K, 42 young (86016K), 7 survivors (14336K)
 Metaspace       used 189867K, committed 191616K, reserved 1245184K
  class space    used 24726K, committed 25600K, reserved 1048576K
}
Event: 402.975 GC heap after
{Heap after GC invocations=71 (full 0):
 garbage-first heap   total 468992K, used 325171K [0x0000000700000000, 0x0000000800000000)
  region size 2048K, 4 young (8192K), 4 survivors (8192K)
 Metaspace       used 189867K, committed 191616K, reserved 1245184K
  class space    used 24726K, committed 25600K, reserved 1048576K
}
Event: 403.038 GC heap before
{Heap before GC invocations=71 (full 0):
 garbage-first heap   total 468992K, used 390707K [0x0000000700000000, 0x0000000800000000)
  region size 2048K, 36 young (73728K), 4 survivors (8192K)
 Metaspace       used 189867K, committed 191616K, reserved 1245184K
  class space    used 24726K, committed 25600K, reserved 1048576K
}
Event: 403.044 GC heap after
{Heap after GC invocations=72 (full 0):
 garbage-first heap   total 468992K, used 329670K [0x0000000700000000, 0x0000000800000000)
  region size 2048K, 3 young (6144K), 3 survivors (6144K)
 Metaspace       used 189867K, committed 191616K, reserved 1245184K
  class space    used 24726K, committed 25600K, reserved 1048576K
}
Event: 403.112 GC heap before
{Heap before GC invocations=72 (full 0):
 garbage-first heap   total 468992K, used 395206K [0x0000000700000000, 0x0000000800000000)
  region size 2048K, 35 young (71680K), 3 survivors (6144K)
 Metaspace       used 189867K, committed 191616K, reserved 1245184K
  class space    used 24726K, committed 25600K, reserved 1048576K
}
Event: 403.115 GC heap after
{Heap after GC invocations=73 (full 0):
 garbage-first heap   total 468992K, used 333253K [0x0000000700000000, 0x0000000800000000)
  region size 2048K, 5 young (10240K), 5 survivors (10240K)
 Metaspace       used 189867K, committed 191616K, reserved 1245184K
  class space    used 24726K, committed 25600K, reserved 1048576K
}
Event: 403.173 GC heap before
{Heap before GC invocations=73 (full 0):
 garbage-first heap   total 468992K, used 396741K [0x0000000700000000, 0x0000000800000000)
  region size 2048K, 36 young (73728K), 5 survivors (10240K)
 Metaspace       used 189867K, committed 191616K, reserved 1245184K
  class space    used 24726K, committed 25600K, reserved 1048576K
}
Event: 403.176 GC heap after
{Heap after GC invocations=74 (full 0):
 garbage-first heap   total 468992K, used 337449K [0x0000000700000000, 0x0000000800000000)
  region size 2048K, 5 young (10240K), 5 survivors (10240K)
 Metaspace       used 189867K, committed 191616K, reserved 1245184K
  class space    used 24726K, committed 25600K, reserved 1048576K
}
Event: 405.537 GC heap before
{Heap before GC invocations=74 (full 0):
 garbage-first heap   total 468992K, used 398889K [0x0000000700000000, 0x0000000800000000)
  region size 2048K, 36 young (73728K), 5 survivors (10240K)
 Metaspace       used 189934K, committed 191744K, reserved 1245184K
  class space    used 24726K, committed 25600K, reserved 1048576K
}

Dll operation events (15 events):
Event: 0.002 Loaded shared library /usr/lib/jvm/java-17-openjdk/lib/libjava.so
Event: 0.014 Loaded shared library /usr/lib/jvm/java-17-openjdk/lib/libjsvml.so
Event: 0.044 Loaded shared library /usr/lib/jvm/java-17-openjdk/lib/libzip.so
Event: 0.046 Loaded shared library /usr/lib/jvm/java-17-openjdk/lib/libinstrument.so
Event: 0.048 Loaded shared library /usr/lib/jvm/java-17-openjdk/lib/libnio.so
Event: 0.051 Loaded shared library /usr/lib/jvm/java-17-openjdk/lib/libzip.so
Event: 0.110 Loaded shared library /usr/lib/jvm/java-17-openjdk/lib/libjimage.so
Event: 0.143 Loaded shared library /usr/lib/jvm/java-17-openjdk/lib/libverify.so
Event: 0.243 Loaded shared library /usr/lib/jvm/java-17-openjdk/lib/libnet.so
Event: 0.244 Loaded shared library /home/nitrox/.gradle/native/c067742578af261105cb4f569cf0c3c89f3d7b1fecec35dd04571415982c5e48/linux-amd64/libnative-platform.so
Event: 0.247 Loaded shared library /home/nitrox/.gradle/native/38dada09dfb8b06ba9b0570ebf7e218e3eb74d4ef43ca46872605cf95ebc2f47/linux-amd64/libnative-platform-file-events.so
Event: 0.645 Loaded shared library /usr/lib/jvm/java-17-openjdk/lib/libmanagement.so
Event: 0.646 Loaded shared library /usr/lib/jvm/java-17-openjdk/lib/libmanagement_ext.so
Event: 0.724 Loaded shared library /usr/lib/jvm/java-17-openjdk/lib/libextnet.so
Event: 11.516 Loaded shared library /usr/lib/jvm/java-17-openjdk/lib/librmi.so

Deoptimization events (20 events):
Event: 403.233 Thread 0x00007f9ce000b410 Uncommon trap: trap_request=0xffffffde fr.pc=0x00007f9f495b1cf4 relative=0x0000000000000154
Event: 403.233 Thread 0x00007f9ce000b410 Uncommon trap: reason=class_check action=maybe_recompile pc=0x00007f9f495b1cf4 method=java.util.stream.AbstractPipeline.close()V @ 42 c2
Event: 403.233 Thread 0x00007f9ce000b410 DEOPT PACKING pc=0x00007f9f495b1cf4 sp=0x00007f9dbe2dd6b0
Event: 403.233 Thread 0x00007f9ce000b410 DEOPT UNPACKING pc=0x00007f9f484b5699 sp=0x00007f9dbe2dd658 mode 2
Event: 403.239 Thread 0x00007f9d08001a10 Uncommon trap: trap_request=0xffffff45 fr.pc=0x00007f9f49a52f54 relative=0x0000000000000134
Event: 403.239 Thread 0x00007f9d08001a10 Uncommon trap: reason=unstable_if action=reinterpret pc=0x00007f9f49a52f54 method=org.gradle.cache.internal.btree.FreeListBlockStore$FreeListBlock.alloc(Lorg/gradle/cache/internal/btree/Block;)V @ 22 c2
Event: 403.239 Thread 0x00007f9d08001a10 DEOPT PACKING pc=0x00007f9f49a52f54 sp=0x00007f9ce79f8070
Event: 403.239 Thread 0x00007f9d08001a10 DEOPT UNPACKING pc=0x00007f9f484b5699 sp=0x00007f9ce79f8018 mode 2
Event: 403.251 Thread 0x00007f9da8016ae0 DEOPT PACKING pc=0x00007f9f4430e10b sp=0x00007f9ce56d37e0
Event: 403.251 Thread 0x00007f9da8016ae0 DEOPT UNPACKING pc=0x00007f9f484b5e2f sp=0x00007f9ce56d2d10 mode 0
Event: 405.258 Thread 0x00007f9da80117a0 DEOPT PACKING pc=0x00007f9f42c99030 sp=0x00007f9ce5bd91f0
Event: 405.259 Thread 0x00007f9da80117a0 DEOPT UNPACKING pc=0x00007f9f484b5e2f sp=0x00007f9ce5bd8720 mode 0
Event: 405.367 Thread 0x00007f9da80138e0 DEOPT PACKING pc=0x00007f9f428b4f0f sp=0x00007f9ce59d6070
Event: 405.367 Thread 0x00007f9da80138e0 DEOPT UNPACKING pc=0x00007f9f484b5e2f sp=0x00007f9ce59d55b8 mode 0
Event: 405.527 Thread 0x00007f9da80138e0 DEOPT PACKING pc=0x00007f9f428b4f0f sp=0x00007f9ce59d5e60
Event: 405.527 Thread 0x00007f9da80138e0 DEOPT UNPACKING pc=0x00007f9f484b5e2f sp=0x00007f9ce59d53a8 mode 0
Event: 405.527 Thread 0x00007f9da800fce0 DEOPT PACKING pc=0x00007f9f43887ed7 sp=0x00007f9ce5edacd0
Event: 405.527 Thread 0x00007f9da800fce0 DEOPT UNPACKING pc=0x00007f9f484b5e2f sp=0x00007f9ce5eda170 mode 0
Event: 405.530 Thread 0x00007f9da80071a0 DEOPT PACKING pc=0x00007f9f428b4f0f sp=0x00007f9ce6be7a10
Event: 405.530 Thread 0x00007f9da80071a0 DEOPT UNPACKING pc=0x00007f9f484b5e2f sp=0x00007f9ce6be6f70 mode 0

Classes loaded (20 events):
Event: 101.894 Loading class sun/security/ssl/SSLEngineOutputRecord$HandshakeFragment
Event: 101.895 Loading class sun/security/ssl/SSLEngineOutputRecord$HandshakeFragment done
Event: 101.895 Loading class sun/security/ssl/SSLEngineOutputRecord$HandshakeMemo
Event: 101.895 Loading class sun/security/ssl/SSLEngineOutputRecord$RecordMemo
Event: 101.895 Loading class sun/security/ssl/SSLEngineOutputRecord$RecordMemo done
Event: 101.895 Loading class sun/security/ssl/SSLEngineOutputRecord$HandshakeMemo done
Event: 101.958 Loading class sun/security/ssl/PreSharedKeyExtension$SHPreSharedKeySpec
Event: 101.958 Loading class sun/security/ssl/PreSharedKeyExtension$SHPreSharedKeySpec done
Event: 110.528 Loading class jdk/internal/misc/ScopedMemoryAccess$Scope$Handle
Event: 110.528 Loading class jdk/internal/misc/ScopedMemoryAccess$Scope$Handle done
Event: 110.679 Loading class java/io/PushbackInputStream
Event: 110.680 Loading class java/io/PushbackInputStream done
Event: 143.013 Loading class java/nio/file/Path$1
Event: 143.020 Loading class java/nio/file/Path$1 done
Event: 179.516 Loading class java/lang/Throwable$WrappedPrintWriter
Event: 179.517 Loading class java/lang/Throwable$WrappedPrintWriter done
Event: 360.779 Loading class javax/management/InstanceNotFoundException
Event: 360.782 Loading class javax/management/InstanceNotFoundException done
Event: 402.240 Loading class java/util/concurrent/atomic/Striped64$Cell
Event: 402.240 Loading class java/util/concurrent/atomic/Striped64$Cell done

Classes unloaded (0 events):
No events

Classes redefined (0 events):
No events

Internal exceptions (20 events):
Event: 403.254 Thread 0x00007f9da800fce0 Exception <a 'java/net/SocketException'{0x0000000718cd6a80}> (0x0000000718cd6a80) 
thrown [/usr/src/debug/java17-openjdk/jdk17u-jdk-17.0.19-10/src/hotspot/share/prims/jni.cpp, line 516]
Event: 403.254 Thread 0x00007f9da8018c30 Exception <a 'java/net/SocketException'{0x0000000718cf1d28}> (0x0000000718cf1d28) 
thrown [/usr/src/debug/java17-openjdk/jdk17u-jdk-17.0.19-10/src/hotspot/share/prims/jni.cpp, line 516]
Event: 403.254 Thread 0x00007f9da8017b80 Exception <a 'java/net/SocketException'{0x0000000718d8a0b8}> (0x0000000718d8a0b8) 
thrown [/usr/src/debug/java17-openjdk/jdk17u-jdk-17.0.19-10/src/hotspot/share/prims/jni.cpp, line 516]
Event: 403.254 Thread 0x00007f9da8002080 Exception <a 'java/net/SocketException'{0x0000000718da0440}> (0x0000000718da0440) 
thrown [/usr/src/debug/java17-openjdk/jdk17u-jdk-17.0.19-10/src/hotspot/share/prims/jni.cpp, line 516]
Event: 403.254 Thread 0x00007f9da80138e0 Exception <a 'java/net/SocketException'{0x0000000718d493c8}> (0x0000000718d493c8) 
thrown [/usr/src/debug/java17-openjdk/jdk17u-jdk-17.0.19-10/src/hotspot/share/prims/jni.cpp, line 516]
Event: 403.255 Thread 0x00007f9da8002080 Exception <a 'java/net/SocketException'{0x0000000718dceaa8}> (0x0000000718dceaa8) 
thrown [/usr/src/debug/java17-openjdk/jdk17u-jdk-17.0.19-10/src/hotspot/share/prims/jni.cpp, line 516]
Event: 403.255 Thread 0x00007f9da80071a0 Exception <a 'java/net/SocketException'{0x0000000718d1fb78}> (0x0000000718d1fb78) 
thrown [/usr/src/debug/java17-openjdk/jdk17u-jdk-17.0.19-10/src/hotspot/share/prims/jni.cpp, line 516]
Event: 403.255 Thread 0x00007f9ce0007e40 Exception <a 'java/net/SocketException'{0x0000000718c797b8}> (0x0000000718c797b8) 
thrown [/usr/src/debug/java17-openjdk/jdk17u-jdk-17.0.19-10/src/hotspot/share/prims/jni.cpp, line 516]
Event: 403.255 Thread 0x00007f9da8016ae0 Exception <a 'java/net/SocketException'{0x0000000718d58d58}> (0x0000000718d58d58) 
thrown [/usr/src/debug/java17-openjdk/jdk17u-jdk-17.0.19-10/src/hotspot/share/prims/jni.cpp, line 516]
Event: 403.255 Thread 0x00007f9da800a720 Exception <a 'java/net/SocketException'{0x0000000718dff200}> (0x0000000718dff200) 
thrown [/usr/src/debug/java17-openjdk/jdk17u-jdk-17.0.19-10/src/hotspot/share/prims/jni.cpp, line 516]
Event: 403.255 Thread 0x00007f9da80117a0 Exception <a 'java/net/SocketException'{0x0000000718d799a8}> (0x0000000718d799a8) 
thrown [/usr/src/debug/java17-openjdk/jdk17u-jdk-17.0.19-10/src/hotspot/share/prims/jni.cpp, line 516]
Event: 403.255 Thread 0x00007f9da800f2d0 Exception <a 'java/net/SocketException'{0x0000000718a10290}> (0x0000000718a10290) 
thrown [/usr/src/debug/java17-openjdk/jdk17u-jdk-17.0.19-10/src/hotspot/share/prims/jni.cpp, line 516]
Event: 403.255 Thread 0x00007f9da80071a0 Exception <a 'java/net/SocketException'{0x0000000718ddb440}> (0x0000000718ddb440) 
thrown [/usr/src/debug/java17-openjdk/jdk17u-jdk-17.0.19-10/src/hotspot/share/prims/jni.cpp, line 516]
Event: 403.255 Thread 0x00007f9da8002080 Exception <a 'java/net/SocketException'{0x0000000718dd1b98}> (0x0000000718dd1b98) 
thrown [/usr/src/debug/java17-openjdk/jdk17u-jdk-17.0.19-10/src/hotspot/share/prims/jni.cpp, line 516]
Event: 403.255 Thread 0x00007f9da8016ae0 Exception <a 'java/net/SocketException'{0x0000000718dfc0b0}> (0x0000000718dfc0b0) 
thrown [/usr/src/debug/java17-openjdk/jdk17u-jdk-17.0.19-10/src/hotspot/share/prims/jni.cpp, line 516]
Event: 403.256 Thread 0x00007f9da800fce0 Exception <a 'java/net/SocketException'{0x0000000718d7d500}> (0x0000000718d7d500) 
thrown [/usr/src/debug/java17-openjdk/jdk17u-jdk-17.0.19-10/src/hotspot/share/prims/jni.cpp, line 516]
Event: 403.256 Thread 0x00007f9da80071a0 Exception <a 'java/net/SocketException'{0x0000000718a38868}> (0x0000000718a38868) 
thrown [/usr/src/debug/java17-openjdk/jdk17u-jdk-17.0.19-10/src/hotspot/share/prims/jni.cpp, line 516]
Event: 403.257 Thread 0x00007f9da800fce0 Exception <a 'java/net/SocketException'{0x0000000718a40280}> (0x0000000718a40280) 
thrown [/usr/src/debug/java17-openjdk/jdk17u-jdk-17.0.19-10/src/hotspot/share/prims/jni.cpp, line 516]
Event: 403.257 Thread 0x00007f9da800a720 Exception <a 'java/net/SocketException'{0x0000000718a6b700}> (0x0000000718a6b700) 
thrown [/usr/src/debug/java17-openjdk/jdk17u-jdk-17.0.19-10/src/hotspot/share/prims/jni.cpp, line 516]
Event: 403.257 Thread 0x00007f9da80117a0 Exception <a 'java/net/SocketException'{0x0000000718a15db0}> (0x0000000718a15db0) 
thrown [/usr/src/debug/java17-openjdk/jdk17u-jdk-17.0.19-10/src/hotspot/share/prims/jni.cpp, line 516]

VM Operations (20 events):
Event: 401.088 Executing VM operation: ICBufferFull done
Event: 401.438 Executing VM operation: ICBufferFull
Event: 401.439 Executing VM operation: ICBufferFull done
Event: 401.815 Executing VM operation: ICBufferFull
Event: 401.816 Executing VM operation: ICBufferFull done
Event: 402.074 Executing VM operation: ICBufferFull
Event: 402.074 Executing VM operation: ICBufferFull done
Event: 402.077 Executing VM operation: G1CollectForAllocation
Event: 402.098 Executing VM operation: G1CollectForAllocation done
Event: 402.960 Executing VM operation: G1CollectForAllocation
Event: 402.975 Executing VM operation: G1CollectForAllocation done
Event: 403.038 Executing VM operation: G1CollectForAllocation
Event: 403.045 Executing VM operation: G1CollectForAllocation done
Event: 403.112 Executing VM operation: G1CollectForAllocation
Event: 403.115 Executing VM operation: G1CollectForAllocation done
Event: 403.173 Executing VM operation: G1CollectForAllocation
Event: 403.176 Executing VM operation: G1CollectForAllocation done
Event: 404.178 Executing VM operation: Cleanup
Event: 404.178 Executing VM operation: Cleanup done
Event: 405.531 Executing VM operation: G1CollectForAllocation

Memory protections (20 events):
Event: 401.636 Protecting memory [0x00007f9ce7afc000,0x00007f9ce7b00000] with protection modes 0
Event: 402.072 Protecting memory [0x00007f9ce78fa000,0x00007f9ce78fe000] with protection modes 0
Event: 402.229 Protecting memory [0x00007f9ce73f5000,0x00007f9ce73f9000] with protection modes 0
Event: 402.230 Protecting memory [0x00007f9ce6aec000,0x00007f9ce6af0000] with protection modes 0
Event: 402.230 Protecting memory [0x00007f9ce68ea000,0x00007f9ce68ee000] with protection modes 0
Event: 402.230 Protecting memory [0x00007f9ce66e8000,0x00007f9ce66ec000] with protection modes 0
Event: 402.230 Protecting memory [0x00007f9ce65e7000,0x00007f9ce65eb000] with protection modes 0
Event: 402.230 Protecting memory [0x00007f9ce5ddf000,0x00007f9ce5de3000] with protection modes 0
Event: 402.231 Protecting memory [0x00007f9ce5bdd000,0x00007f9ce5be1000] with protection modes 0
Event: 402.231 Protecting memory [0x00007f9ce5adc000,0x00007f9ce5ae0000] with protection modes 0
Event: 402.231 Protecting memory [0x00007f9ce59db000,0x00007f9ce59df000] with protection modes 0
Event: 402.231 Protecting memory [0x00007f9ce58da000,0x00007f9ce58de000] with protection modes 0
Event: 402.231 Protecting memory [0x00007f9ce57d9000,0x00007f9ce57dd000] with protection modes 0
Event: 402.232 Protecting memory [0x00007f9ce56d8000,0x00007f9ce56dc000] with protection modes 0
Event: 402.233 Protecting memory [0x00007f9ce55d7000,0x00007f9ce55db000] with protection modes 0
Event: 402.233 Protecting memory [0x00007f9ce54d6000,0x00007f9ce54da000] with protection modes 0
Event: 402.233 Protecting memory [0x00007f9ce53d5000,0x00007f9ce53d9000] with protection modes 0
Event: 403.251 Protecting memory [0x00007f9ed47d9000,0x00007f9ed47dd000] with protection modes 0
Event: 403.252 Protecting memory [0x00007f9dbc1c3000,0x00007f9dbc1c7000] with protection modes 0
Event: 403.254 Protecting memory [0x00007f9ed46d8000,0x00007f9ed46dc000] with protection modes 0

Nmethod flushes (20 events):
Event: 401.152 Thread 0x00007f9f581a07b0 flushing  nmethod 0x00007f9f4433c590
Event: 401.152 Thread 0x00007f9f581a07b0 flushing  nmethod 0x00007f9f4433d190
Event: 401.152 Thread 0x00007f9f581a07b0 flushing  nmethod 0x00007f9f4433d590
Event: 401.152 Thread 0x00007f9f581a07b0 flushing  nmethod 0x00007f9f4433df10
Event: 401.152 Thread 0x00007f9f581a07b0 flushing  nmethod 0x00007f9f4433e690
Event: 401.152 Thread 0x00007f9f581a07b0 flushing  nmethod 0x00007f9f4433eb10
Event: 401.152 Thread 0x00007f9f581a07b0 flushing  nmethod 0x00007f9f4433fc10
Event: 401.152 Thread 0x00007f9f581a07b0 flushing  nmethod 0x00007f9f44340790
Event: 401.152 Thread 0x00007f9f581a07b0 flushing  nmethod 0x00007f9f44342a90
Event: 401.152 Thread 0x00007f9f581a07b0 flushing  nmethod 0x00007f9f44343690
Event: 401.152 Thread 0x00007f9f581a07b0 flushing  nmethod 0x00007f9f44343e10
Event: 401.152 Thread 0x00007f9f581a07b0 flushing  nmethod 0x00007f9f44348d90
Event: 401.152 Thread 0x00007f9f581a07b0 flushing  nmethod 0x00007f9f44349510
Event: 401.152 Thread 0x00007f9f581a07b0 flushing  nmethod 0x00007f9f4434a810
Event: 401.152 Thread 0x00007f9f581a07b0 flushing  nmethod 0x00007f9f4434b310
Event: 401.152 Thread 0x00007f9f581a07b0 flushing  nmethod 0x00007f9f4434bb90
Event: 401.152 Thread 0x00007f9f581a07b0 flushing  nmethod 0x00007f9f4434e490
Event: 401.152 Thread 0x00007f9f581a07b0 flushing  nmethod 0x00007f9f44350190
Event: 401.152 Thread 0x00007f9f581a07b0 flushing  nmethod 0x00007f9f44351410
Event: 401.152 Thread 0x00007f9f581a07b0 flushing  nmethod 0x00007f9f44351b90

Events (20 events):
Event: 402.230 Thread 0x00007f9ce0007e40 Thread added: 0x00007f9da800f2d0
Event: 402.230 Thread 0x00007f9ce0007e40 Thread added: 0x00007f9da800fce0
Event: 402.231 Thread 0x00007f9ce0007e40 Thread added: 0x00007f9da8010ae0
Event: 402.231 Thread 0x00007f9ce0007e40 Thread added: 0x00007f9da80117a0
Event: 402.231 Thread 0x00007f9ce0007e40 Thread added: 0x00007f9da8012840
Event: 402.231 Thread 0x00007f9ce0007e40 Thread added: 0x00007f9da80138e0
Event: 402.231 Thread 0x00007f9ce0007e40 Thread added: 0x00007f9da8014990
Event: 402.232 Thread 0x00007f9ce0007e40 Thread added: 0x00007f9da8015a40
Event: 402.233 Thread 0x00007f9ce0007e40 Thread added: 0x00007f9da8016ae0
Event: 402.233 Thread 0x00007f9ce0007e40 Thread added: 0x00007f9da8017b80
Event: 402.233 Thread 0x00007f9ce0007e40 Thread added: 0x00007f9da8018c30
Event: 402.905 Thread 0x00007f9d74741d20 Thread exited: 0x00007f9d74741d20
Event: 402.905 Thread 0x00007f9d8c5c9f00 Thread exited: 0x00007f9d8c5c9f00
Event: 402.905 Thread 0x00007f9d8c53e0d0 Thread exited: 0x00007f9d8c53e0d0
Event: 403.226 Thread 0x00007f9ebc1c38b0 Thread exited: 0x00007f9ebc1c38b0
Event: 403.226 Thread 0x00007f9eb8f198a0 Thread exited: 0x00007f9eb8f198a0
Event: 403.251 Thread 0x00007f9f5819f330 Thread added: 0x00007f9ebc968830
Event: 403.252 Thread 0x00007f9f5819f330 Thread added: 0x00007f9ebc969c40
Event: 403.254 Thread 0x00007f9f5819f330 Thread added: 0x00007f9ebc96b210
Event: 405.260 Thread 0x00007f9ebc96b210 Thread exited: 0x00007f9ebc96b210


Dynamic libraries:
700000000-71c600000 rw-p 00000000 00:00 0 
71c600000-7ffc00000 ---p 00000000 00:00 0 
7ffc00000-7ffd00000 rw-p 00000000 00:00 0 
7ffd00000-7ffd75000 rw-p 00c7a000 00:21 906137                           /usr/lib/jvm/java-17-openjdk/lib/server/classes.jsa
7ffd75000-7ffe00000 rw-p 00000000 00:00 0 
7ffe00000-7ffe78000 rw-p 00c02000 00:21 906137                           /usr/lib/jvm/java-17-openjdk/lib/server/classes.jsa
7ffe78000-800000000 rw-p 00000000 00:00 0 
5633cc577000-5633cc578000 r--p 00000000 00:21 905862                     /usr/lib/jvm/java-17-openjdk/bin/java
5633cc578000-5633cc579000 r-xp 00001000 00:21 905862                     /usr/lib/jvm/java-17-openjdk/bin/java
5633cc579000-5633cc57a000 r--p 00002000 00:21 905862                     /usr/lib/jvm/java-17-openjdk/bin/java
5633cc57a000-5633cc57b000 r--p 00002000 00:21 905862                     /usr/lib/jvm/java-17-openjdk/bin/java
5633cc57b000-5633cc57c000 rw-p 00003000 00:21 905862                     /usr/lib/jvm/java-17-openjdk/bin/java
5633e8d2d000-5633e8d75000 rw-p 00000000 00:00 0                          [heap]
7f9cd4000000-7f9cd417b000 rw-p 00000000 00:00 0 
7f9cd417b000-7f9cd8000000 ---p 00000000 00:00 0 
7f9cdb000000-7f9cdbb00000 rw-p 00000000 00:00 0 
7f9cdbb00000-7f9cdbc00000 rw-p 00000000 00:00 0 
7f9cdbc00000-7f9cdc580000 rw-p 00000000 00:00 0 
7f9cdc580000-7f9cdc600000 rw-p 00000000 00:00 0 
7f9cdc600000-7f9cdc6a0000 rw-p 00000000 00:00 0 
7f9cdc6a0000-7f9cdc7e0000 rw-p 00000000 00:00 0 
7f9cdc7e0000-7f9cdc880000 rw-p 00000000 00:00 0 
7f9cdc880000-7f9cdc900000 rw-p 00000000 00:00 0 
7f9cdc900000-7f9cdccc0000 rw-p 00000000 00:00 0 
7f9cdccc0000-7f9cdcd00000 rw-p 00000000 00:00 0 
7f9cdcd00000-7f9cdcec0000 rw-p 00000000 00:00 0 
7f9cdcec0000-7f9cdcf00000 rw-p 00000000 00:00 0 
7f9cdcf00000-7f9cdd100000 rw-p 00000000 00:00 0 
7f9cdd100000-7f9cdd130000 rw-p 00000000 00:00 0 
7f9cdd130000-7f9cdd200000 ---p 00000000 00:00 0 
7f9cdd200000-7f9cdd310000 rw-p 00000000 00:00 0 
7f9cdd310000-7f9cdf000000 ---p 00000000 00:00 0 
7f9cdfdfe000-7f9cdfdff000 rw-p 00000000 00:00 0 
7f9cdfdff000-7f9cdfe03000 ---p 00000000 00:00 0 
7f9cdfe03000-7f9cdfeff000 rw-p 00000000 00:00 0 
7f9ce0000000-7f9ce0024000 rw-p 00000000 00:00 0 
7f9ce0024000-7f9ce4000000 ---p 00000000 00:00 0 
7f9ce40c1000-7f9ce40c2000 rw-p 00000000 00:00 0 
7f9ce40c2000-7f9ce40c6000 ---p 00000000 00:00 0 
7f9ce40c6000-7f9ce41c3000 rw-p 00000000 00:00 0 
7f9ce41c3000-7f9ce41c7000 ---p 00000000 00:00 0 
7f9ce41c7000-7f9ce42c3000 rw-p 00000000 00:00 0 
7f9ce53d4000-7f9ce53d5000 rw-p 00000000 00:00 0 
7f9ce53d5000-7f9ce53d9000 ---p 00000000 00:00 0 
7f9ce53d9000-7f9ce54d6000 rw-p 00000000 00:00 0 
7f9ce54d6000-7f9ce54da000 ---p 00000000 00:00 0 
7f9ce54da000-7f9ce55d7000 rw-p 00000000 00:00 0 
7f9ce55d7000-7f9ce55db000 ---p 00000000 00:00 0 
7f9ce55db000-7f9ce56d8000 rw-p 00000000 00:00 0 
7f9ce56d8000-7f9ce56dc000 ---p 00000000 00:00 0 
7f9ce56dc000-7f9ce57d9000 rw-p 00000000 00:00 0 
7f9ce57d9000-7f9ce57dd000 ---p 00000000 00:00 0 
7f9ce57dd000-7f9ce58da000 rw-p 00000000 00:00 0 
7f9ce58da000-7f9ce58de000 ---p 00000000 00:00 0 
7f9ce58de000-7f9ce59db000 rw-p 00000000 00:00 0 
7f9ce59db000-7f9ce59df000 ---p 00000000 00:00 0 
7f9ce59df000-7f9ce5adc000 rw-p 00000000 00:00 0 
7f9ce5adc000-7f9ce5ae0000 ---p 00000000 00:00 0 
7f9ce5ae0000-7f9ce5bdd000 rw-p 00000000 00:00 0 
7f9ce5bdd000-7f9ce5be1000 ---p 00000000 00:00 0 
7f9ce5be1000-7f9ce5cde000 rw-p 00000000 00:00 0 
7f9ce5cde000-7f9ce5ce2000 ---p 00000000 00:00 0 
7f9ce5ce2000-7f9ce5ddf000 rw-p 00000000 00:00 0 
7f9ce5ddf000-7f9ce5de3000 ---p 00000000 00:00 0 
7f9ce5de3000-7f9ce5ee0000 rw-p 00000000 00:00 0 
7f9ce5ee0000-7f9ce5ee4000 ---p 00000000 00:00 0 
7f9ce5ee4000-7f9ce5fe1000 rw-p 00000000 00:00 0 
7f9ce5fe1000-7f9ce5fe5000 ---p 00000000 00:00 0 
7f9ce5fe5000-7f9ce60e2000 rw-p 00000000 00:00 0 
7f9ce60e2000-7f9ce60e6000 ---p 00000000 00:00 0 
7f9ce60e6000-7f9ce61e3000 rw-p 00000000 00:00 0 
7f9ce61e3000-7f9ce61e7000 ---p 00000000 00:00 0 
7f9ce61e7000-7f9ce62e4000 rw-p 00000000 00:00 0 
7f9ce62e4000-7f9ce62e8000 ---p 00000000 00:00 0 
7f9ce62e8000-7f9ce63e5000 rw-p 00000000 00:00 0 
7f9ce63e5000-7f9ce63e9000 ---p 00000000 00:00 0 
7f9ce63e9000-7f9ce64e6000 rw-p 00000000 00:00 0 
7f9ce64e6000-7f9ce64ea000 ---p 00000000 00:00 0 
7f9ce64ea000-7f9ce65e7000 rw-p 00000000 00:00 0 
7f9ce65e7000-7f9ce65eb000 ---p 00000000 00:00 0 
7f9ce65eb000-7f9ce66e8000 rw-p 00000000 00:00 0 
7f9ce66e8000-7f9ce66ec000 ---p 00000000 00:00 0 
7f9ce66ec000-7f9ce67e9000 rw-p 00000000 00:00 0 
7f9ce67e9000-7f9ce67ed000 ---p 00000000 00:00 0 
7f9ce67ed000-7f9ce68ea000 rw-p 00000000 00:00 0 
7f9ce68ea000-7f9ce68ee000 ---p 00000000 00:00 0 
7f9ce68ee000-7f9ce69eb000 rw-p 00000000 00:00 0 
7f9ce69eb000-7f9ce69ef000 ---p 00000000 00:00 0 
7f9ce69ef000-7f9ce6aec000 rw-p 00000000 00:00 0 
7f9ce6aec000-7f9ce6af0000 ---p 00000000 00:00 0 
7f9ce6af0000-7f9ce6bed000 rw-p 00000000 00:00 0 
7f9ce6bed000-7f9ce6bf1000 ---p 00000000 00:00 0 
7f9ce6bf1000-7f9ce6cee000 rw-p 00000000 00:00 0 
7f9ce6cee000-7f9ce6cf2000 ---p 00000000 00:00 0 
7f9ce6cf2000-7f9ce6def000 rw-p 00000000 00:00 0 
7f9ce6def000-7f9ce6df3000 ---p 00000000 00:00 0 
7f9ce6df3000-7f9ce6ef0000 rw-p 00000000 00:00 0 
7f9ce6ef0000-7f9ce6ef4000 ---p 00000000 00:00 0 
7f9ce6ef4000-7f9ce6ff1000 rw-p 00000000 00:00 0 
7f9ce6ff1000-7f9ce6ff5000 ---p 00000000 00:00 0 
7f9ce6ff5000-7f9ce70f2000 rw-p 00000000 00:00 0 
7f9ce70f2000-7f9ce70f6000 ---p 00000000 00:00 0 
7f9ce70f6000-7f9ce71f3000 rw-p 00000000 00:00 0 
7f9ce71f3000-7f9ce71f7000 ---p 00000000 00:00 0 
7f9ce71f7000-7f9ce72f4000 rw-p 00000000 00:00 0 
7f9ce72f4000-7f9ce72f8000 ---p 00000000 00:00 0 
7f9ce72f8000-7f9ce73f5000 rw-p 00000000 00:00 0 
7f9ce73f5000-7f9ce73f9000 ---p 00000000 00:00 0 
7f9ce73f9000-7f9ce74f6000 rw-p 00000000 00:00 0 
7f9ce74f6000-7f9ce74fa000 ---p 00000000 00:00 0 
7f9ce74fa000-7f9ce77f9000 rw-p 00000000 00:00 0 
7f9ce77f9000-7f9ce77fd000 ---p 00000000 00:00 0 
7f9ce77fd000-7f9ce78fa000 rw-p 00000000 00:00 0 
7f9ce78fa000-7f9ce78fe000 ---p 00000000 00:00 0 
7f9ce78fe000-7f9ce79fb000 rw-p 00000000 00:00 0 
7f9ce79fb000-7f9ce79ff000 ---p 00000000 00:00 0 
7f9ce79ff000-7f9ce7afc000 rw-p 00000000 00:00 0 
7f9ce7afc000-7f9ce7b00000 ---p 00000000 00:00 0 
7f9ce7b00000-7f9ce7bfd000 rw-p 00000000 00:00 0 
7f9ce7bfd000-7f9ce7c01000 ---p 00000000 00:00 0 
7f9ce7c01000-7f9ce7cfe000 rw-p 00000000 00:00 0 
7f9ce7cfe000-7f9ce7d02000 ---p 00000000 00:00 0 
7f9ce7d02000-7f9ce7dfe000 rw-p 00000000 00:00 0 
7f9ce7dfe000-7f9ce7dff000 rw-p 00000000 00:00 0 
7f9ce7dff000-7f9ce7e03000 ---p 00000000 00:00 0 
7f9ce7e03000-7f9ce7f00000 rw-p 00000000 00:00 0 
7f9ce7f00000-7f9ce7f04000 ---p 00000000 00:00 0 
7f9ce7f04000-7f9ce8000000 rw-p 00000000 00:00 0 
7f9ce8000000-7f9ce8021000 rw-p 00000000 00:00 0 
7f9ce8021000-7f9cec000000 ---p 00000000 00:00 0 
7f9cec000000-7f9cec021000 rw-p 00000000 00:00 0 
7f9cec021000-7f9cf0000000 ---p 00000000 00:00 0 
7f9cf0000000-7f9cf0134000 rw-p 00000000 00:00 0 
7f9cf0134000-7f9cf4000000 ---p 00000000 00:00 0 
7f9cf4000000-7f9cf58f6000 rw-p 00000000 00:00 0 
7f9cf58f6000-7f9cf8000000 ---p 00000000 00:00 0 
7f9cf8000000-7f9cf802b000 rw-p 00000000 00:00 0 
7f9cf802b000-7f9cfc000000 ---p 00000000 00:00 0 
7f9cfc000000-7f9cfc1c9000 rw-p 00000000 00:00 0 
7f9cfc1c9000-7f9d00000000 ---p 00000000 00:00 0 
7f9d00000000-7f9d00021000 rw-p 00000000 00:00 0 
7f9d00021000-7f9d04000000 ---p 00000000 00:00 0 
7f9d04000000-7f9d04109000 rw-p 00000000 00:00 0 
7f9d04109000-7f9d08000000 ---p 00000000 00:00 0 
7f9d08000000-7f9d08021000 rw-p 00000000 00:00 0 
7f9d08021000-7f9d0c000000 ---p 00000000 00:00 0 
7f9d0c000000-7f9d0c021000 rw-p 00000000 00:00 0 
7f9d0c021000-7f9d10000000 ---p 00000000 00:00 0 
7f9d10000000-7f9d10021000 rw-p 00000000 00:00 0 
7f9d10021000-7f9d14000000 ---p 00000000 00:00 0 
7f9d14000000-7f9d14021000 rw-p 00000000 00:00 0 
7f9d14021000-7f9d18000000 ---p 00000000 00:00 0 
7f9d18000000-7f9d18029000 rw-p 00000000 00:00 0 
7f9d18029000-7f9d1c000000 ---p 00000000 00:00 0 
7f9d1c000000-7f9d1c021000 rw-p 00000000 00:00 0 
7f9d1c021000-7f9d20000000 ---p 00000000 00:00 0 
7f9d20000000-7f9d20021000 rw-p 00000000 00:00 0 
7f9d20021000-7f9d24000000 ---p 00000000 00:00 0 
7f9d24000000-7f9d24021000 rw-p 00000000 00:00 0 
7f9d24021000-7f9d28000000 ---p 00000000 00:00 0 
7f9d28000000-7f9d2808c000 rw-p 00000000 00:00 0 
7f9d2808c000-7f9d2c000000 ---p 00000000 00:00 0 
7f9d2c000000-7f9d2c021000 rw-p 00000000 00:00 0 
7f9d2c021000-7f9d30000000 ---p 00000000 00:00 0 
7f9d30000000-7f9d30021000 rw-p 00000000 00:00 0 
7f9d30021000-7f9d34000000 ---p 00000000 00:00 0 
7f9d34000000-7f9d34021000 rw-p 00000000 00:00 0 
7f9d34021000-7f9d38000000 ---p 00000000 00:00 0 
7f9d38000000-7f9d380f1000 rw-p 00000000 00:00 0 
7f9d380f1000-7f9d3c000000 ---p 00000000 00:00 0 
7f9d3c000000-7f9d3c021000 rw-p 00000000 00:00 0 
7f9d3c021000-7f9d40000000 ---p 00000000 00:00 0 
7f9d40000000-7f9d41f9e000 rw-p 00000000 00:00 0 
7f9d41f9e000-7f9d44000000 ---p 00000000 00:00 0 
7f9d44000000-7f9d4432a000 rw-p 00000000 00:00 0 
7f9d4432a000-7f9d48000000 ---p 00000000 00:00 0 
7f9d48000000-7f9d4ab00000 rw-p 00000000 00:00 0 
7f9d4ab00000-7f9d4ac00000 rw-p 00000000 00:00 0 
7f9d4ac00000-7f9d4b1e0000 rw-p 00000000 00:00 0 
7f9d4b1e0000-7f9d4b200000 rw-p 00000000 00:00 0 
7f9d4b200000-7f9d4b740000 rw-p 00000000 00:00 0 
7f9d4b740000-7f9d4b780000 rw-p 00000000 00:00 0 
7f9d4b780000-7f9d4b900000 rw-p 00000000 00:00 0 
7f9d4b900000-7f9d4c000000 rw-p 00000000 00:00 0 
7f9d4c000000-7f9d4c179000 rw-p 00000000 00:00 0 
7f9d4c179000-7f9d50000000 ---p 00000000 00:00 0 
7f9d50000000-7f9d50c59000 rw-p 00000000 00:00 0 
7f9d50c59000-7f9d54000000 ---p 00000000 00:00 0 
7f9d54000000-7f9d54021000 rw-p 00000000 00:00 0 
7f9d54021000-7f9d58000000 ---p 00000000 00:00 0 
7f9d58000000-7f9d58021000 rw-p 00000000 00:00 0 
7f9d58021000-7f9d5c000000 ---p 00000000 00:00 0 
7f9d5c000000-7f9d5c021000 rw-p 00000000 00:00 0 
7f9d5c021000-7f9d60000000 ---p 00000000 00:00 0 
7f9d60000000-7f9d60021000 rw-p 00000000 00:00 0 
7f9d60021000-7f9d64000000 ---p 00000000 00:00 0 
7f9d64000000-7f9d6be2c000 r--s 00000000 00:21 906130                     /usr/lib/jvm/java-17-openjdk/lib/modules
7f9d6beff000-7f9d6bf00000 rw-p 00000000 00:00 0 
7f9d6bf00000-7f9d6bf04000 ---p 00000000 00:00 0 
7f9d6bf04000-7f9d6c000000 rw-p 00000000 00:00 0 
7f9d6c000000-7f9d6c05a000 rw-p 00000000 00:00 0 
7f9d6c05a000-7f9d70000000 ---p 00000000 00:00 0 
7f9d70000000-7f9d70021000 rw-p 00000000 00:00 0 
7f9d70021000-7f9d74000000 ---p 00000000 00:00 0 
7f9d74000000-7f9d756a6000 rw-p 00000000 00:00 0 
7f9d756a6000-7f9d78000000 ---p 00000000 00:00 0 
7f9d78000000-7f9d79190000 rw-p 00000000 00:00 0 
7f9d79190000-7f9d7c000000 ---p 00000000 00:00 0 
7f9d7c000000-7f9d7c21b000 rw-p 00000000 00:00 0 
7f9d7c21b000-7f9d80000000 ---p 00000000 00:00 0 
7f9d80000000-7f9d808ab000 rw-p 00000000 00:00 0 
7f9d808ab000-7f9d84000000 ---p 00000000 00:00 0 
7f9d84000000-7f9d859d6000 rw-p 00000000 00:00 0 
7f9d859d6000-7f9d88000000 ---p 00000000 00:00 0 
7f9d88000000-7f9d88021000 rw-p 00000000 00:00 0 
7f9d88021000-7f9d8c000000 ---p 00000000 00:00 0 
7f9d8c000000-7f9d8d6ed000 rw-p 00000000 00:00 0 
7f9d8d6ed000-7f9d90000000 ---p 00000000 00:00 0 
7f9d90000000-7f9d91261000 rw-p 00000000 00:00 0 
7f9d91261000-7f9d94000000 ---p 00000000 00:00 0 
7f9d94000000-7f9d94613000 rw-p 00000000 00:00 0 
7f9d94613000-7f9d98000000 ---p 00000000 00:00 0 
7f9d98000000-7f9d98021000 rw-p 00000000 00:00 0 
7f9d98021000-7f9d9c000000 ---p 00000000 00:00 0 
7f9d9c000000-7f9d9c106000 rw-p 00000000 00:00 0 
7f9d9c106000-7f9da0000000 ---p 00000000 00:00 0 
7f9da0000000-7f9da0021000 rw-p 00000000 00:00 0 
7f9da0021000-7f9da4000000 ---p 00000000 00:00 0 
7f9da4000000-7f9da4021000 rw-p 00000000 00:00 0 
7f9da4021000-7f9da8000000 ---p 00000000 00:00 0 
7f9da8000000-7f9da8021000 rw-p 00000000 00:00 0 
7f9da8021000-7f9dac000000 ---p 00000000 00:00 0 
7f9dac000000-7f9dac021000 rw-p 00000000 00:00 0 
7f9dac021000-7f9db0000000 ---p 00000000 00:00 0 
7f9db0000000-7f9db1945000 rw-p 00000000 00:00 0 
7f9db1945000-7f9db4000000 ---p 00000000 00:00 0 
7f9db4000000-7f9db4024000 rw-p 00000000 00:00 0 
7f9db4024000-7f9db8000000 ---p 00000000 00:00 0 
7f9db8000000-7f9db8027000 rw-p 00000000 00:00 0 
7f9db8027000-7f9dbc000000 ---p 00000000 00:00 0 
7f9dbc0c1000-7f9dbc0c2000 rw-p 00000000 00:00 0 
7f9dbc0c2000-7f9dbc0c6000 ---p 00000000 00:00 0 
7f9dbc0c6000-7f9dbc1c3000 rw-p 00000000 00:00 0 
7f9dbc1c3000-7f9dbc1c7000 ---p 00000000 00:00 0 
7f9dbc1c7000-7f9dbc2c4000 rw-p 00000000 00:00 0 
7f9dbc2c4000-7f9dbc2c8000 ---p 00000000 00:00 0 
7f9dbc2c8000-7f9dbc3c5000 rw-p 00000000 00:00 0 
7f9dbc3c5000-7f9dbc3c9000 ---p 00000000 00:00 0 
7f9dbc3c9000-7f9dbc4c6000 rw-p 00000000 00:00 0 
7f9dbc4c6000-7f9dbc4ca000 ---p 00000000 00:00 0 
7f9dbc4ca000-7f9dbc5c7000 rw-p 00000000 00:00 0 
7f9dbc5c7000-7f9dbc5cb000 ---p 00000000 00:00 0 
7f9dbc5cb000-7f9dbc6c8000 rw-p 00000000 00:00 0 
7f9dbc6c8000-7f9dbc6cc000 ---p 00000000 00:00 0 
7f9dbc6cc000-7f9dbc7c9000 rw-p 00000000 00:00 0 
7f9dbc7c9000-7f9dbc7cd000 ---p 00000000 00:00 0 
7f9dbc7cd000-7f9dbc8ca000 rw-p 00000000 00:00 0 
7f9dbc8ca000-7f9dbc8ce000 ---p 00000000 00:00 0 
7f9dbc8ce000-7f9dbc9cb000 rw-p 00000000 00:00 0 
7f9dbc9cb000-7f9dbc9cf000 ---p 00000000 00:00 0 
7f9dbc9cf000-7f9dbcacc000 rw-p 00000000 00:00 0 
7f9dbcacc000-7f9dbcad0000 ---p 00000000 00:00 0 
7f9dbcad0000-7f9dbcbcd000 rw-p 00000000 00:00 0 
7f9dbcbcd000-7f9dbcbd1000 ---p 00000000 00:00 0 
7f9dbcbd1000-7f9dbccce000 rw-p 00000000 00:00 0 
7f9dbccce000-7f9dbccd2000 ---p 00000000 00:00 0 
7f9dbccd2000-7f9dbcdcf000 rw-p 00000000 00:00 0 
7f9dbcdcf000-7f9dbcdd3000 ---p 00000000 00:00 0 
7f9dbcdd3000-7f9dbced0000 rw-p 00000000 00:00 0 
7f9dbced0000-7f9dbced4000 ---p 00000000 00:00 0 
7f9dbced4000-7f9dbcfd1000 rw-p 00000000 00:00 0 
7f9dbcfd1000-7f9dbcfd5000 ---p 00000000 00:00 0 
7f9dbcfd5000-7f9dbd0d2000 rw-p 00000000 00:00 0 
7f9dbd0d2000-7f9dbd0d6000 ---p 00000000 00:00 0 
7f9dbd0d6000-7f9dbd1d3000 rw-p 00000000 00:00 0 
7f9dbd1d3000-7f9dbd1d7000 ---p 00000000 00:00 0 
7f9dbd1d7000-7f9dbd2d4000 rw-p 00000000 00:00 0 
7f9dbd2d4000-7f9dbd2d8000 ---p 00000000 00:00 0 
7f9dbd2d8000-7f9dbd3d5000 rw-p 00000000 00:00 0 
7f9dbd3d5000-7f9dbd3d9000 ---p 00000000 00:00 0 
7f9dbd3d9000-7f9dbd4d6000 rw-p 00000000 00:00 0 
7f9dbd4d6000-7f9dbd4da000 ---p 00000000 00:00 0 
7f9dbd4da000-7f9dbd5d7000 rw-p 00000000 00:00 0 
7f9dbd5d7000-7f9dbd5db000 ---p 00000000 00:00 0 
7f9dbd5db000-7f9dbd6d8000 rw-p 00000000 00:00 0 
7f9dbd6d8000-7f9dbd6dc000 ---p 00000000 00:00 0 
7f9dbd6dc000-7f9dbd7d9000 rw-p 00000000 00:00 0 
7f9dbd7d9000-7f9dbd7dd000 ---p 00000000 00:00 0 
7f9dbd7dd000-7f9dbd8da000 rw-p 00000000 00:00 0 
7f9dbd8da000-7f9dbd8de000 ---p 00000000 00:00 0 
7f9dbd8de000-7f9dbd9db000 rw-p 00000000 00:00 0 
7f9dbd9db000-7f9dbd9df000 ---p 00000000 00:00 0 
7f9dbd9df000-7f9dbdadc000 rw-p 00000000 00:00 0 
7f9dbdadc000-7f9dbdae0000 ---p 00000000 00:00 0 
7f9dbdae0000-7f9dbdbdd000 rw-p 00000000 00:00 0 
7f9dbdbdd000-7f9dbdbe1000 ---p 00000000 00:00 0 
7f9dbdbe1000-7f9dbdcde000 rw-p 00000000 00:00 0 
7f9dbdcde000-7f9dbdce2000 ---p 00000000 00:00 0 
7f9dbdce2000-7f9dbdddf000 rw-p 00000000 00:00 0 
7f9dbdddf000-7f9dbdde3000 ---p 00000000 00:00 0 
7f9dbdde3000-7f9dbdee0000 rw-p 00000000 00:00 0 
7f9dbdee0000-7f9dbdee4000 ---p 00000000 00:00 0 
7f9dbdee4000-7f9dbdfe1000 rw-p 00000000 00:00 0 
7f9dbdfe1000-7f9dbdfe5000 ---p 00000000 00:00 0 
7f9dbdfe5000-7f9dbe0e2000 rw-p 00000000 00:00 0 
7f9dbe0e2000-7f9dbe0e6000 ---p 00000000 00:00 0 
7f9dbe0e6000-7f9dbe1e3000 rw-p 00000000 00:00 0 
7f9dbe1e3000-7f9dbe1e7000 ---p 00000000 00:00 0 
7f9dbe1e7000-7f9dbe2e4000 rw-p 00000000 00:00 0 
7f9dbe2e4000-7f9dbe2e8000 ---p 00000000 00:00 0 
7f9dbe2e8000-7f9dbe3e5000 rw-p 00000000 00:00 0 
7f9dbe3e5000-7f9dbe3e9000 ---p 00000000 00:00 0 
7f9dbe3e9000-7f9dbe4e6000 rw-p 00000000 00:00 0 
7f9dbe4e6000-7f9dbe4ea000 ---p 00000000 00:00 0 
7f9dbe4ea000-7f9dbe5e7000 rw-p 00000000 00:00 0 
7f9dbe5e7000-7f9dbe5eb000 ---p 00000000 00:00 0 
7f9dbe5eb000-7f9dbe6e8000 rw-p 00000000 00:00 0 
7f9dbe6e8000-7f9dbe6ec000 ---p 00000000 00:00 0 
7f9dbe6ec000-7f9dbedef000 rw-p 00000000 00:00 0 
7f9dbedef000-7f9dbedf3000 ---p 00000000 00:00 0 
7f9dbedf3000-7f9dbeef0000 rw-p 00000000 00:00 0 
7f9dbeef0000-7f9dbeef4000 ---p 00000000 00:00 0 
7f9dbeef4000-7f9dbeff1000 rw-p 00000000 00:00 0 
7f9dbeff1000-7f9dbeff5000 ---p 00000000 00:00 0 
7f9dbeff5000-7f9dbf0f2000 rw-p 00000000 00:00 0 
7f9dbf0f2000-7f9dbf0f6000 ---p 00000000 00:00 0 
7f9dbf0f6000-7f9dbf1f3000 rw-p 00000000 00:00 0 
7f9dbf1f3000-7f9dbf1f7000 ---p 00000000 00:00 0 
7f9dbf1f7000-7f9dbf2f4000 rw-p 00000000 00:00 0 
7f9dbf2f4000-7f9dbf2f8000 ---p 00000000 00:00 0 
7f9dbf2f8000-7f9dbf3f5000 rw-p 00000000 00:00 0 
7f9dbf3f5000-7f9dbf3f9000 ---p 00000000 00:00 0 
7f9dbf3f9000-7f9dbf4f6000 rw-p 00000000 00:00 0 
7f9dbf4f6000-7f9dbf4fa000 ---p 00000000 00:00 0 
7f9dbf4fa000-7f9dbf5f7000 rw-p 00000000 00:00 0 
7f9dbf5f7000-7f9dbf5fb000 ---p 00000000 00:00 0 
7f9dbf5fb000-7f9dbf6f8000 rw-p 00000000 00:00 0 
7f9dbf6f8000-7f9dbf6fc000 ---p 00000000 00:00 0 
7f9dbf6fc000-7f9dbf7f9000 rw-p 00000000 00:00 0 
7f9dbf7f9000-7f9dbf7fd000 ---p 00000000 00:00 0 
7f9dbf7fd000-7f9dbf8fa000 rw-p 00000000 00:00 0 
7f9dbf8fa000-7f9dbf8fe000 ---p 00000000 00:00 0 
7f9dbf8fe000-7f9dbf9fb000 rw-p 00000000 00:00 0 
7f9dbf9fb000-7f9dbf9ff000 ---p 00000000 00:00 0 
7f9dbf9ff000-7f9dbfafc000 rw-p 00000000 00:00 0 
7f9dbfafc000-7f9dbfb00000 ---p 00000000 00:00 0 
7f9dbfb00000-7f9dbfbfd000 rw-p 00000000 00:00 0 
7f9dbfbfd000-7f9dbfc01000 ---p 00000000 00:00 0 
7f9dbfc01000-7f9dbfcfe000 rw-p 00000000 00:00 0 
7f9dbfcfe000-7f9dbfd02000 ---p 00000000 00:00 0 
7f9dbfd02000-7f9dbfdff000 rw-p 00000000 00:00 0 
7f9dbfdff000-7f9dbfe03000 ---p 00000000 00:00 0 
7f9dbfe03000-7f9dbff00000 rw-p 00000000 00:00 0 
7f9dbff00000-7f9dbff04000 ---p 00000000 00:00 0 
7f9dbff04000-7f9dc0000000 rw-p 00000000 00:00 0 
7f9dc0000000-7f9dc17e7000 rw-p 00000000 00:00 0 
7f9dc17e7000-7f9dc4000000 ---p 00000000 00:00 0 
7f9dc4000000-7f9dc4021000 rw-p 00000000 00:00 0 
7f9dc4021000-7f9dc8000000 ---p 00000000 00:00 0 
7f9dc8000000-7f9dc82dd000 rw-p 00000000 00:00 0 
7f9dc82dd000-7f9dcc000000 ---p 00000000 00:00 0 
7f9dcc000000-7f9dcc021000 rw-p 00000000 00:00 0 
7f9dcc021000-7f9dd0000000 ---p 00000000 00:00 0 
7f9dd0000000-7f9dd0021000 rw-p 00000000 00:00 0 
7f9dd0021000-7f9dd4000000 ---p 00000000 00:00 0 
7f9dd4000000-7f9dd4076000 rw-p 00000000 00:00 0 
7f9dd4076000-7f9dd8000000 ---p 00000000 00:00 0 
7f9dd8000000-7f9dd8021000 rw-p 00000000 00:00 0 
7f9dd8021000-7f9ddc000000 ---p 00000000 00:00 0 
7f9ddc000000-7f9dddfdb000 rw-p 00000000 00:00 0 
7f9dddfdb000-7f9de0000000 ---p 00000000 00:00 0 
7f9de0000000-7f9de0021000 rw-p 00000000 00:00 0 
7f9de0021000-7f9de4000000 ---p 00000000 00:00 0 
7f9de4000000-7f9de4021000 rw-p 00000000 00:00 0 
7f9de4021000-7f9de8000000 ---p 00000000 00:00 0 
7f9de8000000-7f9de8021000 rw-p 00000000 00:00 0 
7f9de8021000-7f9dec000000 ---p 00000000 00:00 0 
7f9dec000000-7f9dec021000 rw-p 00000000 00:00 0 
7f9dec021000-7f9df0000000 ---p 00000000 00:00 0 
7f9df0000000-7f9df0021000 rw-p 00000000 00:00 0 
7f9df0021000-7f9df4000000 ---p 00000000 00:00 0 
7f9df4000000-7f9df4021000 rw-p 00000000 00:00 0 
7f9df4021000-7f9df8000000 ---p 00000000 00:00 0 
7f9df8000000-7f9df861d000 rw-p 00000000 00:00 0 
7f9df861d000-7f9dfc000000 ---p 00000000 00:00 0 
7f9dfc000000-7f9dfc021000 rw-p 00000000 00:00 0 
7f9dfc021000-7f9e00000000 ---p 00000000 00:00 0 
7f9e00000000-7f9e00804000 rw-p 00000000 00:00 0 
7f9e00804000-7f9e04000000 ---p 00000000 00:00 0 
7f9e04000000-7f9e04021000 rw-p 00000000 00:00 0 
7f9e04021000-7f9e08000000 ---p 00000000 00:00 0 
7f9e08000000-7f9e08021000 rw-p 00000000 00:00 0 
7f9e08021000-7f9e0c000000 ---p 00000000 00:00 0 
7f9e0c000000-7f9e0c7be000 rw-p 00000000 00:00 0 
7f9e0c7be000-7f9e10000000 ---p 00000000 00:00 0 
7f9e10000000-7f9e10021000 rw-p 00000000 00:00 0 
7f9e10021000-7f9e14000000 ---p 00000000 00:00 0 
7f9e14000000-7f9e14021000 rw-p 00000000 00:00 0 
7f9e14021000-7f9e18000000 ---p 00000000 00:00 0 
7f9e18000000-7f9e18026000 rw-p 00000000 00:00 0 
7f9e18026000-7f9e1c000000 ---p 00000000 00:00 0 
7f9e1c000000-7f9e1c026000 rw-p 00000000 00:00 0 
7f9e1c026000-7f9e20000000 ---p 00000000 00:00 0 
7f9e20000000-7f9e20021000 rw-p 00000000 00:00 0 
7f9e20021000-7f9e24000000 ---p 00000000 00:00 0 
7f9e24000000-7f9e24044000 rw-p 00000000 00:00 0 
7f9e24044000-7f9e28000000 ---p 00000000 00:00 0 
7f9e28000000-7f9e28023000 rw-p 00000000 00:00 0 
7f9e28023000-7f9e2c000000 ---p 00000000 00:00 0 
7f9e2c000000-7f9e2c380000 rw-p 00000000 00:00 0 
7f9e2c380000-7f9e30000000 ---p 00000000 00:00 0 
7f9e30000000-7f9e3002a000 rw-p 00000000 00:00 0 
7f9e3002a000-7f9e34000000 ---p 00000000 00:00 0 
7f9e34000000-7f9e34037000 rw-p 00000000 00:00 0 
7f9e34037000-7f9e38000000 ---p 00000000 00:00 0 
7f9e38000000-7f9e38021000 rw-p 00000000 00:00 0 
7f9e38021000-7f9e3c000000 ---p 00000000 00:00 0 
7f9e3c000000-7f9e3c274000 rw-p 00000000 00:00 0 
7f9e3c274000-7f9e40000000 ---p 00000000 00:00 0 
7f9e40000000-7f9e40021000 rw-p 00000000 00:00 0 
7f9e40021000-7f9e44000000 ---p 00000000 00:00 0 
7f9e44000000-7f9e441c2000 rw-p 00000000 00:00 0 
7f9e441c2000-7f9e48000000 ---p 00000000 00:00 0 
7f9e48000000-7f9e48021000 rw-p 00000000 00:00 0 
7f9e48021000-7f9e4c000000 ---p 00000000 00:00 0 
7f9e4c000000-7f9e4c021000 rw-p 00000000 00:00 0 
7f9e4c021000-7f9e50000000 ---p 00000000 00:00 0 
7f9e50000000-7f9e50021000 rw-p 00000000 00:00 0 
7f9e50021000-7f9e54000000 ---p 00000000 00:00 0 
7f9e54000000-7f9e54021000 rw-p 00000000 00:00 0 
7f9e54021000-7f9e58000000 ---p 00000000 00:00 0 
7f9e58000000-7f9e58021000 rw-p 00000000 00:00 0 
7f9e58021000-7f9e5c000000 ---p 00000000 00:00 0 
7f9e5c000000-7f9e5c153000 rw-p 00000000 00:00 0 
7f9e5c153000-7f9e60000000 ---p 00000000 00:00 0 
7f9e60000000-7f9e60021000 rw-p 00000000 00:00 0 
7f9e60021000-7f9e64000000 ---p 00000000 00:00 0 
7f9e64000000-7f9e67ff9000 rw-p 00000000 00:00 0 
7f9e67ff9000-7f9e68000000 ---p 00000000 00:00 0 
7f9e68000000-7f9e68021000 rw-p 00000000 00:00 0 
7f9e68021000-7f9e6c000000 ---p 00000000 00:00 0 
7f9e6c000000-7f9e6c025000 rw-p 00000000 00:00 0 
7f9e6c025000-7f9e70000000 ---p 00000000 00:00 0 
7f9e70000000-7f9e70055000 rw-p 00000000 00:00 0 
7f9e70055000-7f9e74000000 ---p 00000000 00:00 0 
7f9e74000000-7f9e74021000 rw-p 00000000 00:00 0 
7f9e74021000-7f9e78000000 ---p 00000000 00:00 0 
7f9e78000000-7f9e78025000 rw-p 00000000 00:00 0 
7f9e78025000-7f9e7c000000 ---p 00000000 00:00 0 
7f9e7c000000-7f9e7c021000 rw-p 00000000 00:00 0 
7f9e7c021000-7f9e80000000 ---p 00000000 00:00 0 
7f9e80000000-7f9e80023000 rw-p 00000000 00:00 0 
7f9e80023000-7f9e84000000 ---p 00000000 00:00 0 
7f9e84000000-7f9e84021000 rw-p 00000000 00:00 0 
7f9e84021000-7f9e88000000 ---p 00000000 00:00 0 
7f9e88000000-7f9e883c0000 rw-p 00000000 00:00 0 
7f9e883c0000-7f9e8c000000 ---p 00000000 00:00 0 
7f9e8c000000-7f9e8c021000 rw-p 00000000 00:00 0 
7f9e8c021000-7f9e90000000 ---p 00000000 00:00 0 
7f9e90000000-7f9e9039a000 rw-p 00000000 00:00 0 
7f9e9039a000-7f9e94000000 ---p 00000000 00:00 0 
7f9e94000000-7f9e9429b000 rw-p 00000000 00:00 0 
7f9e9429b000-7f9e98000000 ---p 00000000 00:00 0 
7f9e98000000-7f9e995e3000 rw-p 00000000 00:00 0 
7f9e995e3000-7f9e9c000000 ---p 00000000 00:00 0 
7f9e9c000000-7f9e9d0b7000 rw-p 00000000 00:00 0 
7f9e9d0b7000-7f9ea0000000 ---p 00000000 00:00 0 
7f9ea0000000-7f9ea0021000 rw-p 00000000 00:00 0 
7f9ea0021000-7f9ea4000000 ---p 00000000 00:00 0 
7f9ea4000000-7f9ea4021000 rw-p 00000000 00:00 0 
7f9ea4021000-7f9ea8000000 ---p 00000000 00:00 0 
7f9ea8000000-7f9ea8912000 rw-p 00000000 00:00 0 
7f9ea8912000-7f9eac000000 ---p 00000000 00:00 0 
7f9eac000000-7f9ead3de000 rw-p 00000000 00:00 0 
7f9ead3de000-7f9eb0000000 ---p 00000000 00:00 0 
7f9eb0000000-7f9eb00d1000 rw-p 00000000 00:00 0 
7f9eb00d1000-7f9eb4000000 ---p 00000000 00:00 0 
7f9eb4000000-7f9eb40a4000 rw-p 00000000 00:00 0 
7f9eb40a4000-7f9eb8000000 ---p 00000000 00:00 0 
7f9eb8000000-7f9eb9f25000 rw-p 00000000 00:00 0 
7f9eb9f25000-7f9ebc000000 ---p 00000000 00:00 0 
7f9ebc000000-7f9ebcb68000 rw-p 00000000 00:00 0 
7f9ebcb68000-7f9ec0000000 ---p 00000000 00:00 0 
7f9ec0000000-7f9ec0021000 rw-p 00000000 00:00 0 
7f9ec0021000-7f9ec4000000 ---p 00000000 00:00 0 
7f9ec4000000-7f9ec4021000 rw-p 00000000 00:00 0 
7f9ec4021000-7f9ec8000000 ---p 00000000 00:00 0 
7f9ec8000000-7f9ec8021000 rw-p 00000000 00:00 0 
7f9ec8021000-7f9ecc000000 ---p 00000000 00:00 0 
7f9ecc000000-7f9ecc027000 rw-p 00000000 00:00 0 
7f9ecc027000-7f9ed0000000 ---p 00000000 00:00 0 
7f9ed0000000-7f9ed0021000 rw-p 00000000 00:00 0 
7f9ed0021000-7f9ed4000000 ---p 00000000 00:00 0 
7f9ed40d1000-7f9ed40d2000 rw-p 00000000 00:00 0 
7f9ed40d2000-7f9ed40d6000 ---p 00000000 00:00 0 
7f9ed40d6000-7f9ed41d3000 rw-p 00000000 00:00 0 
7f9ed41d3000-7f9ed41d7000 ---p 00000000 00:00 0 
7f9ed41d7000-7f9ed42d4000 rw-p 00000000 00:00 0 
7f9ed42d4000-7f9ed42d8000 ---p 00000000 00:00 0 
7f9ed42d8000-7f9ed43d5000 rw-p 00000000 00:00 0 
7f9ed43d5000-7f9ed43d9000 ---p 00000000 00:00 0 
7f9ed43d9000-7f9ed44d6000 rw-p 00000000 00:00 0 
7f9ed44d6000-7f9ed44da000 ---p 00000000 00:00 0 
7f9ed44da000-7f9ed45d7000 rw-p 00000000 00:00 0 
7f9ed45d7000-7f9ed45db000 ---p 00000000 00:00 0 
7f9ed45db000-7f9ed46d8000 rw-p 00000000 00:00 0 
7f9ed46d8000-7f9ed46dc000 ---p 00000000 00:00 0 
7f9ed46dc000-7f9ed47d9000 rw-p 00000000 00:00 0 
7f9ed47d9000-7f9ed47dd000 ---p 00000000 00:00 0 
7f9ed47dd000-7f9ed48da000 rw-p 00000000 00:00 0 
7f9ed48da000-7f9ed48de000 ---p 00000000 00:00 0 
7f9ed48de000-7f9ed49db000 rw-p 00000000 00:00 0 
7f9ed49db000-7f9ed49df000 ---p 00000000 00:00 0 
7f9ed49df000-7f9ed4adc000 rw-p 00000000 00:00 0 
7f9ed4adc000-7f9ed4ae0000 ---p 00000000 00:00 0 
7f9ed4ae0000-7f9ed4bdd000 rw-p 00000000 00:00 0 
7f9ed4bdd000-7f9ed4be1000 ---p 00000000 00:00 0 
7f9ed4be1000-7f9ed4cde000 rw-p 00000000 00:00 0 
7f9ed4cde000-7f9ed4ce2000 ---p 00000000 00:00 0 
7f9ed4ce2000-7f9ed4ddf000 rw-p 00000000 00:00 0 
7f9ed4ddf000-7f9ed4de3000 ---p 00000000 00:00 0 
7f9ed4de3000-7f9ed4ee0000 rw-p 00000000 00:00 0 
7f9ed4ee0000-7f9ed4ee4000 ---p 00000000 00:00 0 
7f9ed4ee4000-7f9ed4fe1000 rw-p 00000000 00:00 0 
7f9ed4fe1000-7f9ed4fe5000 ---p 00000000 00:00 0 
7f9ed4fe5000-7f9ed50e2000 rw-p 00000000 00:00 0 
7f9ed50e2000-7f9ed50e6000 ---p 00000000 00:00 0 
7f9ed50e6000-7f9ed51e3000 rw-p 00000000 00:00 0 
7f9ed51e3000-7f9ed51e7000 ---p 00000000 00:00 0 
7f9ed51e7000-7f9ed52e4000 rw-p 00000000 00:00 0 
7f9ed52e4000-7f9ed52e8000 ---p 00000000 00:00 0 
7f9ed52e8000-7f9ed53e5000 rw-p 00000000 00:00 0 
7f9ed53e5000-7f9ed53e9000 ---p 00000000 00:00 0 
7f9ed53e9000-7f9ed54e6000 rw-p 00000000 00:00 0 
7f9ed54e6000-7f9ed54ea000 ---p 00000000 00:00 0 
7f9ed54ea000-7f9ed55e7000 rw-p 00000000 00:00 0 
7f9ed55e7000-7f9ed55eb000 ---p 00000000 00:00 0 
7f9ed55eb000-7f9ed56e8000 rw-p 00000000 00:00 0 
7f9ed56e8000-7f9ed56ec000 ---p 00000000 00:00 0 
7f9ed56ec000-7f9ed61f3000 rw-p 00000000 00:00 0 
7f9ed61f3000-7f9ed61f7000 ---p 00000000 00:00 0 
7f9ed61f7000-7f9ed62f4000 rw-p 00000000 00:00 0 
7f9ed62f4000-7f9ed62f8000 ---p 00000000 00:00 0 
7f9ed62f8000-7f9ed63f5000 rw-p 00000000 00:00 0 
7f9ed63f5000-7f9ed63f9000 ---p 00000000 00:00 0 
7f9ed63f9000-7f9ed64f6000 rw-p 00000000 00:00 0 
7f9ed64f6000-7f9ed64fa000 ---p 00000000 00:00 0 
7f9ed64fa000-7f9ed65f7000 rw-p 00000000 00:00 0 
7f9ed65f7000-7f9ed65fb000 ---p 00000000 00:00 0 
7f9ed65fb000-7f9ed66f8000 rw-p 00000000 00:00 0 
7f9ed66f8000-7f9ed66fc000 ---p 00000000 00:00 0 
7f9ed66fc000-7f9ed67f9000 rw-p 00000000 00:00 0 
7f9ed67f9000-7f9ed67fd000 ---p 00000000 00:00 0 
7f9ed67fd000-7f9ed68fa000 rw-p 00000000 00:00 0 
7f9ed68fa000-7f9ed68fe000 ---p 00000000 00:00 0 
7f9ed68fe000-7f9ed69fb000 rw-p 00000000 00:00 0 
7f9ed69fb000-7f9ed69ff000 ---p 00000000 00:00 0 
7f9ed69ff000-7f9ed6afc000 rw-p 00000000 00:00 0 
7f9ed6afc000-7f9ed6b00000 ---p 00000000 00:00 0 
7f9ed6b00000-7f9ed6bfd000 rw-p 00000000 00:00 0 
7f9ed6bfd000-7f9ed6c01000 ---p 00000000 00:00 0 
7f9ed6c01000-7f9ed6cfe000 rw-p 00000000 00:00 0 
7f9ed6cfe000-7f9ed6d02000 ---p 00000000 00:00 0 
7f9ed6d02000-7f9ed6dff000 rw-p 00000000 00:00 0 
7f9ed6dff000-7f9ed6e03000 ---p 00000000 00:00 0 
7f9ed6e03000-7f9ed6f00000 rw-p 00000000 00:00 0 
7f9ed6f00000-7f9ed6f04000 ---p 00000000 00:00 0 
7f9ed6f04000-7f9ed7000000 rw-p 00000000 00:00 0 
7f9ed7000000-7f9ed7400000 rw-p 00000000 00:00 0 
7f9ed7400000-7f9ed77c0000 rw-p 00000000 00:00 0 
7f9ed77c0000-7f9ed7800000 rw-p 00000000 00:00 0 
7f9ed7800000-7f9ed7980000 rw-p 00000000 00:00 0 
7f9ed7980000-7f9ed7a00000 rw-p 00000000 00:00 0 
7f9ed7a00000-7f9ed7d00000 rw-p 00000000 00:00 0 
7f9ed7d00000-7f9ed7e00000 rw-p 00000000 00:00 0 
7f9ed7e00000-7f9ed8780000 rw-p 00000000 00:00 0 
7f9ed8780000-7f9ed8900000 rw-p 00000000 00:00 0 
7f9ed8900000-7f9ed8b80000 rw-p 00000000 00:00 0 
7f9ed8b80000-7f9ed8c00000 rw-p 00000000 00:00 0 
7f9ed8c00000-7f9ed9380000 rw-p 00000000 00:00 0 
7f9ed9380000-7f9ed9400000 rw-p 00000000 00:00 0 
7f9ed9400000-7f9ed9cc0000 rw-p 00000000 00:00 0 
7f9ed9cc0000-7f9ed9d00000 rw-p 00000000 00:00 0 
7f9ed9d00000-7f9edad80000 rw-p 00000000 00:00 0 
7f9edad80000-7f9edae00000 rw-p 00000000 00:00 0 
7f9edae00000-7f9edb000000 rw-p 00000000 00:00 0 
7f9edb000000-7f9edbbca000 rw-p 00001000 00:21 906137                     /usr/lib/jvm/java-17-openjdk/lib/server/classes.jsa
7f9edbbca000-7f9edc000000 ---p 00000000 00:00 0 
7f9edc000000-7f9edc040000 rw-p 00000000 00:00 0 
7f9edc040000-7f9edc080000 rw-p 00000000 00:00 0 
7f9edc080000-7f9edc140000 rw-p 00000000 00:00 0 
7f9edc140000-7f9edc180000 rw-p 00000000 00:00 0 
7f9edc180000-7f9edc440000 rw-p 00000000 00:00 0 
7f9edc440000-7f9edc480000 rw-p 00000000 00:00 0 
7f9edc480000-7f9edc7e0000 rw-p 00000000 00:00 0 
7f9edc7e0000-7f9edc800000 rw-p 00000000 00:00 0 
7f9edc800000-7f9edc840000 rw-p 00000000 00:00 0 
7f9edc840000-7f9edc880000 rw-p 00000000 00:00 0 
7f9edc880000-7f9edd1c0000 rw-p 00000000 00:00 0 
7f9edd1c0000-7f9edd200000 rw-p 00000000 00:00 0 
7f9edd200000-7f9edd780000 rw-p 00000000 00:00 0 
7f9edd780000-7f9edd880000 rw-p 00000000 00:00 0 
7f9edd880000-7f9edd8c0000 rw-p 00000000 00:00 0 
7f9edd8c0000-7f9edd8d0000 rw-p 00000000 00:00 0 
7f9edd8d0000-7f9edd900000 ---p 00000000 00:00 0 
7f9edd900000-7f9edd930000 rw-p 00000000 00:00 0 
7f9edd930000-7f9f1c000000 ---p 00000000 00:00 0 
7f9f1c000000-7f9f1c021000 rw-p 00000000 00:00 0 
7f9f1c021000-7f9f20000000 ---p 00000000 00:00 0 
7f9f20000000-7f9f2009f000 rw-p 00000000 00:00 0 
7f9f2009f000-7f9f24000000 ---p 00000000 00:00 0 
7f9f24000000-7f9f24021000 rw-p 00000000 00:00 0 
7f9f24021000-7f9f28000000 ---p 00000000 00:00 0 
7f9f280fb000-7f9f280fc000 rw-p 00000000 00:00 0 
7f9f280fc000-7f9f28100000 ---p 00000000 00:00 0 
7f9f28100000-7f9f28600000 rw-p 00000000 00:00 0 
7f9f28600000-7f9f28653000 r-xp 00000000 00:21 756900                     /home/nitrox/.gradle/native/38dada09dfb8b06ba9b0570ebf7e218e3eb74d4ef43ca46872605cf95ebc2f47/linux-amd64/libnative-platform-file-events.so
7f9f28653000-7f9f28852000 ---p 00053000 00:21 756900                     /home/nitrox/.gradle/native/38dada09dfb8b06ba9b0570ebf7e218e3eb74d4ef43ca46872605cf95ebc2f47/linux-amd64/libnative-platform-file-events.so
7f9f28852000-7f9f28853000 r--p 00052000 00:21 756900                     /home/nitrox/.gradle/native/38dada09dfb8b06ba9b0570ebf7e218e3eb74d4ef43ca46872605cf95ebc2f47/linux-amd64/libnative-platform-file-events.so
7f9f28853000-7f9f28855000 rw-p 00053000 00:21 756900                     /home/nitrox/.gradle/native/38dada09dfb8b06ba9b0570ebf7e218e3eb74d4ef43ca46872605cf95ebc2f47/linux-amd64/libnative-platform-file-events.so
7f9f28896000-7f9f2889a000 r--p 00000000 00:21 1254111                    /usr/lib/libnss_mymachines.so.2
7f9f2889a000-7f9f288e4000 r-xp 00004000 00:21 1254111                    /usr/lib/libnss_mymachines.so.2
7f9f288e4000-7f9f288fb000 r--p 0004e000 00:21 1254111                    /usr/lib/libnss_mymachines.so.2
7f9f288fb000-7f9f288fe000 r--p 00065000 00:21 1254111                    /usr/lib/libnss_mymachines.so.2
7f9f288fe000-7f9f288ff000 rw-p 00068000 00:21 1254111                    /usr/lib/libnss_mymachines.so.2
7f9f288ff000-7f9f28900000 rw-p 00000000 00:00 0 
7f9f28900000-7f9f28904000 ---p 00000000 00:00 0 
7f9f28904000-7f9f28a00000 rw-p 00000000 00:00 0 
7f9f28a00000-7f9f28a05000 r-xp 00000000 00:21 682389                     /home/nitrox/.gradle/native/c067742578af261105cb4f569cf0c3c89f3d7b1fecec35dd04571415982c5e48/linux-amd64/libnative-platform.so
7f9f28a05000-7f9f28c05000 ---p 00005000 00:21 682389                     /home/nitrox/.gradle/native/c067742578af261105cb4f569cf0c3c89f3d7b1fecec35dd04571415982c5e48/linux-amd64/libnative-platform.so
7f9f28c05000-7f9f28c06000 r--p 00005000 00:21 682389                     /home/nitrox/.gradle/native/c067742578af261105cb4f569cf0c3c89f3d7b1fecec35dd04571415982c5e48/linux-amd64/libnative-platform.so
7f9f28c06000-7f9f28c07000 rw-p 00006000 00:21 682389                     /home/nitrox/.gradle/native/c067742578af261105cb4f569cf0c3c89f3d7b1fecec35dd04571415982c5e48/linux-amd64/libnative-platform.so
7f9f28c43000-7f9f28c44000 rw-p 00000000 00:00 0 
7f9f28c44000-7f9f28c48000 ---p 00000000 00:00 0 
7f9f28c48000-7f9f28d45000 rw-p 00000000 00:00 0 
7f9f28d45000-7f9f28d49000 ---p 00000000 00:00 0 
7f9f28d49000-7f9f28e46000 rw-p 00000000 00:00 0 
7f9f28e46000-7f9f28e4a000 ---p 00000000 00:00 0 
7f9f28e4a000-7f9f28f46000 rw-p 00000000 00:00 0 
7f9f28fac000-7f9f28fad000 rw-p 00000000 00:00 0 
7f9f28fad000-7f9f28fb1000 ---p 00000000 00:00 0 
7f9f28fb1000-7f9f290ad000 rw-p 00000000 00:00 0 
7f9f290ad000-7f9f290b0000 r--p 00000000 00:21 1254112                    /usr/lib/libnss_resolve.so.2
7f9f290b0000-7f9f290d9000 r-xp 00003000 00:21 1254112                    /usr/lib/libnss_resolve.so.2
7f9f290d9000-7f9f290ed000 r--p 0002c000 00:21 1254112                    /usr/lib/libnss_resolve.so.2
7f9f290ed000-7f9f290f4000 r--p 00040000 00:21 1254112                    /usr/lib/libnss_resolve.so.2
7f9f290f4000-7f9f290f5000 rw-p 00047000 00:21 1254112                    /usr/lib/libnss_resolve.so.2
7f9f290f5000-7f9f291f7000 rw-p 00000000 00:00 0 
7f9f291f7000-7f9f291fb000 ---p 00000000 00:00 0 
7f9f291fb000-7f9f292f8000 rw-p 00000000 00:00 0 
7f9f292f8000-7f9f292fc000 ---p 00000000 00:00 0 
7f9f292fc000-7f9f293f9000 rw-p 00000000 00:00 0 
7f9f293f9000-7f9f293fd000 ---p 00000000 00:00 0 
7f9f293fd000-7f9f294fa000 rw-p 00000000 00:00 0 
7f9f294fa000-7f9f294fe000 ---p 00000000 00:00 0 
7f9f294fe000-7f9f295fb000 rw-p 00000000 00:00 0 
7f9f295fb000-7f9f295ff000 ---p 00000000 00:00 0 
7f9f295ff000-7f9f296fc000 rw-p 00000000 00:00 0 
7f9f296fc000-7f9f29700000 ---p 00000000 00:00 0 
7f9f29700000-7f9f297fd000 rw-p 00000000 00:00 0 
7f9f297fd000-7f9f29801000 ---p 00000000 00:00 0 
7f9f29801000-7f9f298fe000 rw-p 00000000 00:00 0 
7f9f298fe000-7f9f29902000 ---p 00000000 00:00 0 
7f9f29902000-7f9f299ff000 rw-p 00000000 00:00 0 
7f9f299ff000-7f9f29a03000 ---p 00000000 00:00 0 
7f9f29a03000-7f9f29b00000 rw-p 00000000 00:00 0 
7f9f29b00000-7f9f29b04000 ---p 00000000 00:00 0 
7f9f29b04000-7f9f29c00000 rw-p 00000000 00:00 0 
7f9f29c00000-7f9f29eee000 r--p 00000000 00:21 889284                     /usr/lib/locale/locale-archive
7f9f29eff000-7f9f29f00000 rw-p 00000000 00:00 0 
7f9f29f00000-7f9f29f04000 ---p 00000000 00:00 0 
7f9f29f04000-7f9f2a000000 rw-p 00000000 00:00 0 
7f9f2a000000-7f9f2c021000 rw-p 00000000 00:00 0 
7f9f2c021000-7f9f30000000 ---p 00000000 00:00 0 
7f9f30000000-7f9f30021000 rw-p 00000000 00:00 0 
7f9f30021000-7f9f34000000 ---p 00000000 00:00 0 
7f9f34000000-7f9f34031000 rw-p 00000000 00:00 0 
7f9f34031000-7f9f38000000 ---p 00000000 00:00 0 
7f9f38020000-7f9f38021000 rw-p 00000000 00:00 0 
7f9f38021000-7f9f38025000 ---p 00000000 00:00 0 
7f9f38025000-7f9f38222000 rw-p 00000000 00:00 0 
7f9f38222000-7f9f38227000 r--p 00000000 00:21 906114                     /usr/lib/jvm/java-17-openjdk/lib/libjsvml.so
7f9f38227000-7f9f38268000 r-xp 00005000 00:21 906114                     /usr/lib/jvm/java-17-openjdk/lib/libjsvml.so
7f9f38268000-7f9f382f1000 r--p 00046000 00:21 906114                     /usr/lib/jvm/java-17-openjdk/lib/libjsvml.so
7f9f382f1000-7f9f382f2000 r--p 000ce000 00:21 906114                     /usr/lib/jvm/java-17-openjdk/lib/libjsvml.so
7f9f382f2000-7f9f382f3000 rw-p 000cf000 00:21 906114                     /usr/lib/jvm/java-17-openjdk/lib/libjsvml.so
7f9f382f3000-7f9f384f5000 rw-p 00000000 00:00 0 
7f9f384f5000-7f9f39718000 rw-p 00000000 00:00 0 
7f9f39718000-7f9f3cff0000 ---p 00000000 00:00 0 
7f9f3cff0000-7f9f3d718000 rw-p 00000000 00:00 0 
7f9f3d718000-7f9f40ff0000 ---p 00000000 00:00 0 
7f9f40ff0000-7f9f41000000 rw-p 00000000 00:00 0 
7f9f41000000-7f9f44620000 rwxp 00000000 00:00 0 
7f9f44620000-7f9f4845f000 ---p 00000000 00:00 0 
7f9f4845f000-7f9f488bf000 rwxp 00000000 00:00 0 
7f9f488bf000-7f9f48ba0000 ---p 00000000 00:00 0 
7f9f48ba0000-7f9f49f50000 rwxp 00000000 00:00 0 
7f9f49f50000-7f9f50000000 ---p 00000000 00:00 0 
7f9f50000000-7f9f57e2c000 r--s 00000000 00:21 906130                     /usr/lib/jvm/java-17-openjdk/lib/modules
7f9f57e7e000-7f9f59328000 rw-p 00000000 00:00 0 
7f9f59328000-7f9f5c000000 ---p 00000000 00:00 0 
7f9f5c007000-7f9f5c008000 rw-p 00000000 00:00 0 
7f9f5c008000-7f9f5c00c000 ---p 00000000 00:00 0 
7f9f5c00c000-7f9f5c02a000 rw-p 00000000 00:00 0 
7f9f5c02a000-7f9f5c0c6000 rw-p 00000000 00:00 0 
7f9f5c0df000-7f9f5c0e0000 r--p 00000000 00:21 906123                     /usr/lib/jvm/java-17-openjdk/lib/librmi.so
7f9f5c0e0000-7f9f5c0e1000 r-xp 00001000 00:21 906123                     /usr/lib/jvm/java-17-openjdk/lib/librmi.so
7f9f5c0e1000-7f9f5c0e2000 r--p 00002000 00:21 906123                     /usr/lib/jvm/java-17-openjdk/lib/librmi.so
7f9f5c0e2000-7f9f5c0e3000 r--p 00002000 00:21 906123                     /usr/lib/jvm/java-17-openjdk/lib/librmi.so
7f9f5c0e3000-7f9f5c0e4000 rw-p 00003000 00:21 906123                     /usr/lib/jvm/java-17-openjdk/lib/librmi.so
7f9f5c0e4000-7f9f5c0e8000 r--p 00000000 00:21 906120                     /usr/lib/jvm/java-17-openjdk/lib/libnet.so
7f9f5c0e8000-7f9f5c0f7000 r-xp 00004000 00:21 906120                     /usr/lib/jvm/java-17-openjdk/lib/libnet.so
7f9f5c0f7000-7f9f5c0fb000 r--p 00013000 00:21 906120                     /usr/lib/jvm/java-17-openjdk/lib/libnet.so
7f9f5c0fb000-7f9f5c0fc000 r--p 00016000 00:21 906120                     /usr/lib/jvm/java-17-openjdk/lib/libnet.so
7f9f5c0fc000-7f9f5c0fd000 rw-p 00017000 00:21 906120                     /usr/lib/jvm/java-17-openjdk/lib/libnet.so
7f9f5c0fd000-7f9f5c1fe000 rw-p 00000000 00:00 0 
7f9f5c1fe000-7f9f5c400000 rw-p 00000000 00:00 0 
7f9f5c400000-7f9f5c4e3000 rw-p 00000000 00:00 0 
7f9f5c4e3000-7f9f5cbfe000 ---p 00000000 00:00 0 
7f9f5cbfe000-7f9f5cce3000 rw-p 00000000 00:00 0 
7f9f5cce3000-7f9f5d3fe000 ---p 00000000 00:00 0 
7f9f5d3fe000-7f9f5d4e3000 rw-p 00000000 00:00 0 
7f9f5d4e3000-7f9f5dbfe000 ---p 00000000 00:00 0 
7f9f5dbfe000-7f9f5dc00000 rw-p 00000000 00:00 0 
7f9f5dc01000-7f9f5dc03000 r--p 00000000 00:21 906118                     /usr/lib/jvm/java-17-openjdk/lib/libmanagement_ext.so
7f9f5dc03000-7f9f5dc06000 r-xp 00002000 00:21 906118                     /usr/lib/jvm/java-17-openjdk/lib/libmanagement_ext.so
7f9f5dc06000-7f9f5dc08000 r--p 00005000 00:21 906118                     /usr/lib/jvm/java-17-openjdk/lib/libmanagement_ext.so
7f9f5dc08000-7f9f5dc09000 r--p 00006000 00:21 906118                     /usr/lib/jvm/java-17-openjdk/lib/libmanagement_ext.so
7f9f5dc09000-7f9f5dc0a000 rw-p 00007000 00:21 906118                     /usr/lib/jvm/java-17-openjdk/lib/libmanagement_ext.so
7f9f5dc0a000-7f9f5dc11000 r--p 00000000 00:21 906121                     /usr/lib/jvm/java-17-openjdk/lib/libnio.so
7f9f5dc11000-7f9f5dc1a000 r-xp 00007000 00:21 906121                     /usr/lib/jvm/java-17-openjdk/lib/libnio.so
7f9f5dc1a000-7f9f5dc1e000 r--p 00010000 00:21 906121                     /usr/lib/jvm/java-17-openjdk/lib/libnio.so
7f9f5dc1e000-7f9f5dc1f000 r--p 00014000 00:21 906121                     /usr/lib/jvm/java-17-openjdk/lib/libnio.so
7f9f5dc1f000-7f9f5dc20000 rw-p 00015000 00:21 906121                     /usr/lib/jvm/java-17-openjdk/lib/libnio.so
7f9f5dc20000-7f9f5dd21000 rw-p 00000000 00:00 0 
7f9f5dd21000-7f9f5ea56000 rw-p 00000000 00:00 0 
7f9f5ea56000-7f9f5eb17000 ---p 00000000 00:00 0 
7f9f5eb17000-7f9f5eb84000 rw-p 00000000 00:00 0 
7f9f5eb84000-7f9f5ec00000 ---p 00000000 00:00 0 
7f9f5ec00000-7f9f5ec9a000 r--p 00000000 00:21 889300                     /usr/lib/libstdc++.so.6.0.35
7f9f5ec9a000-7f9f5ee79000 r-xp 0009a000 00:21 889300                     /usr/lib/libstdc++.so.6.0.35
7f9f5ee79000-7f9f5ef18000 r--p 00279000 00:21 889300                     /usr/lib/libstdc++.so.6.0.35
7f9f5ef18000-7f9f5ef29000 r--p 00318000 00:21 889300                     /usr/lib/libstdc++.so.6.0.35
7f9f5ef29000-7f9f5ef2a000 rw-p 00329000 00:21 889300                     /usr/lib/libstdc++.so.6.0.35
7f9f5ef2a000-7f9f5ef2e000 rw-p 00000000 00:00 0 
7f9f5ef2e000-7f9f5ef35000 r--s 00000000 00:21 889286                     /usr/lib/gconv/gconv-modules.cache
7f9f5ef35000-7f9f5ef37000 r--p 00000000 00:21 906116                     /usr/lib/jvm/java-17-openjdk/lib/libmanagement.so
7f9f5ef37000-7f9f5ef38000 r-xp 00002000 00:21 906116                     /usr/lib/jvm/java-17-openjdk/lib/libmanagement.so
7f9f5ef38000-7f9f5ef39000 r--p 00003000 00:21 906116                     /usr/lib/jvm/java-17-openjdk/lib/libmanagement.so
7f9f5ef39000-7f9f5ef3a000 r--p 00003000 00:21 906116                     /usr/lib/jvm/java-17-openjdk/lib/libmanagement.so
7f9f5ef3a000-7f9f5ef3b000 rw-p 00004000 00:21 906116                     /usr/lib/jvm/java-17-openjdk/lib/libmanagement.so
7f9f5ef3b000-7f9f5f000000 rw-p 00000000 00:00 0 
7f9f5f000000-7f9f5f00f000 r--p 00000000 00:21 906140                     /usr/lib/jvm/java-17-openjdk/lib/server/libjvm.so
7f9f5f00f000-7f9f5fecb000 r-xp 0000f000 00:21 906140                     /usr/lib/jvm/java-17-openjdk/lib/server/libjvm.so
7f9f5fecb000-7f9f60166000 r--p 00ecb000 00:21 906140                     /usr/lib/jvm/java-17-openjdk/lib/server/libjvm.so
7f9f60166000-7f9f60220000 r--p 01165000 00:21 906140                     /usr/lib/jvm/java-17-openjdk/lib/server/libjvm.so
7f9f60220000-7f9f60255000 rw-p 0121f000 00:21 906140                     /usr/lib/jvm/java-17-openjdk/lib/server/libjvm.so
7f9f60255000-7f9f602b0000 rw-p 00000000 00:00 0 
7f9f602b0000-7f9f602b1000 r--p 00000000 00:21 906099                     /usr/lib/jvm/java-17-openjdk/lib/libextnet.so
7f9f602b1000-7f9f602b2000 r-xp 00001000 00:21 906099                     /usr/lib/jvm/java-17-openjdk/lib/libextnet.so
7f9f602b2000-7f9f602b3000 r--p 00002000 00:21 906099                     /usr/lib/jvm/java-17-openjdk/lib/libextnet.so
7f9f602b3000-7f9f602b4000 r--p 00002000 00:21 906099                     /usr/lib/jvm/java-17-openjdk/lib/libextnet.so
7f9f602b4000-7f9f602b5000 rw-p 00003000 00:21 906099                     /usr/lib/jvm/java-17-openjdk/lib/libextnet.so
7f9f602b5000-7f9f602b6000 r--p 00000000 00:21 888592                     /usr/lib/libpthread.so.0
7f9f602b6000-7f9f602b7000 r-xp 00001000 00:21 888592                     /usr/lib/libpthread.so.0
7f9f602b7000-7f9f602b8000 r--p 00002000 00:21 888592                     /usr/lib/libpthread.so.0
7f9f602b8000-7f9f602b9000 r--p 00002000 00:21 888592                     /usr/lib/libpthread.so.0
7f9f602b9000-7f9f602ba000 rw-p 00003000 00:21 888592                     /usr/lib/libpthread.so.0
7f9f602ba000-7f9f602bc000 r--p 00000000 00:21 906129                     /usr/lib/jvm/java-17-openjdk/lib/libzip.so
7f9f602bc000-7f9f602d0000 r-xp 00002000 00:21 906129                     /usr/lib/jvm/java-17-openjdk/lib/libzip.so
7f9f602d0000-7f9f602d8000 r--p 00016000 00:21 906129                     /usr/lib/jvm/java-17-openjdk/lib/libzip.so
7f9f602d8000-7f9f602d9000 r--p 0001d000 00:21 906129                     /usr/lib/jvm/java-17-openjdk/lib/libzip.so
7f9f602d9000-7f9f602da000 rw-p 0001e000 00:21 906129                     /usr/lib/jvm/java-17-openjdk/lib/libzip.so
7f9f602da000-7f9f602e4000 r--p 00000000 00:21 906106                     /usr/lib/jvm/java-17-openjdk/lib/libjava.so
7f9f602e4000-7f9f602f7000 r-xp 0000a000 00:21 906106                     /usr/lib/jvm/java-17-openjdk/lib/libjava.so
7f9f602f7000-7f9f602fd000 r--p 0001d000 00:21 906106                     /usr/lib/jvm/java-17-openjdk/lib/libjava.so
7f9f602fd000-7f9f602fe000 r--p 00023000 00:21 906106                     /usr/lib/jvm/java-17-openjdk/lib/libjava.so
7f9f602fe000-7f9f602ff000 rw-p 00024000 00:21 906106                     /usr/lib/jvm/java-17-openjdk/lib/libjava.so
7f9f602ff000-7f9f60300000 rw-p 00000000 00:00 0 
7f9f60300000-7f9f60304000 ---p 00000000 00:00 0 
7f9f60304000-7f9f60400000 rw-p 00000000 00:00 0 
7f9f60400000-7f9f60424000 r--p 00000000 00:21 888565                     /usr/lib/libc.so.6
7f9f60424000-7f9f605ce000 r-xp 00024000 00:21 888565                     /usr/lib/libc.so.6
7f9f605ce000-7f9f60645000 r--p 001ce000 00:21 888565                     /usr/lib/libc.so.6
7f9f60645000-7f9f60649000 r--p 00244000 00:21 888565                     /usr/lib/libc.so.6
7f9f60649000-7f9f6064b000 rw-p 00248000 00:21 888565                     /usr/lib/libc.so.6
7f9f6064b000-7f9f60653000 rw-p 00000000 00:00 0 
7f9f60655000-7f9f6065e000 rw-p 00000000 00:00 0 
7f9f6065e000-7f9f60664000 ---p 00000000 00:00 0 
7f9f60664000-7f9f60668000 r--p 00000000 00:21 889290                     /usr/lib/libgcc_s.so.1
7f9f60668000-7f9f60694000 r-xp 00004000 00:21 889290                     /usr/lib/libgcc_s.so.1
7f9f60694000-7f9f60698000 r--p 00030000 00:21 889290                     /usr/lib/libgcc_s.so.1
7f9f60698000-7f9f60699000 r--p 00034000 00:21 889290                     /usr/lib/libgcc_s.so.1
7f9f60699000-7f9f6069a000 rw-p 00035000 00:21 889290                     /usr/lib/libgcc_s.so.1
7f9f6069a000-7f9f606aa000 r--p 00000000 00:21 888575                     /usr/lib/libm.so.6
7f9f606aa000-7f9f6073f000 r-xp 00010000 00:21 888575                     /usr/lib/libm.so.6
7f9f6073f000-7f9f6079e000 r--p 000a5000 00:21 888575                     /usr/lib/libm.so.6
7f9f6079e000-7f9f6079f000 r--p 00103000 00:21 888575                     /usr/lib/libm.so.6
7f9f6079f000-7f9f607a0000 rw-p 00104000 00:21 888575                     /usr/lib/libm.so.6
7f9f607a0000-7f9f607a3000 rw-p 00000000 00:00 0 
7f9f607a3000-7f9f607a5000 r--p 00000000 00:21 906128                     /usr/lib/jvm/java-17-openjdk/lib/libverify.so
7f9f607a5000-7f9f607ac000 r-xp 00002000 00:21 906128                     /usr/lib/jvm/java-17-openjdk/lib/libverify.so
7f9f607ac000-7f9f607ae000 r--p 00009000 00:21 906128                     /usr/lib/jvm/java-17-openjdk/lib/libverify.so
7f9f607ae000-7f9f607b0000 r--p 0000a000 00:21 906128                     /usr/lib/jvm/java-17-openjdk/lib/libverify.so
7f9f607b0000-7f9f607b1000 rw-p 0000c000 00:21 906128                     /usr/lib/jvm/java-17-openjdk/lib/libverify.so
7f9f607b1000-7f9f607b9000 rw-s 00000000 00:34 1270                       /tmp/hsperfdata_nitrox/47616
7f9f607b9000-7f9f607bb000 r--p 00000000 00:21 906101                     /usr/lib/jvm/java-17-openjdk/lib/libinstrument.so
7f9f607bb000-7f9f607c2000 r-xp 00002000 00:21 906101                     /usr/lib/jvm/java-17-openjdk/lib/libinstrument.so
7f9f607c2000-7f9f607c5000 r--p 00009000 00:21 906101                     /usr/lib/jvm/java-17-openjdk/lib/libinstrument.so
7f9f607c5000-7f9f607c6000 r--p 0000c000 00:21 906101                     /usr/lib/jvm/java-17-openjdk/lib/libinstrument.so
7f9f607c6000-7f9f607c7000 rw-p 0000d000 00:21 906101                     /usr/lib/jvm/java-17-openjdk/lib/libinstrument.so
7f9f607c7000-7f9f607c8000 ---p 00000000 00:00 0 
7f9f607c8000-7f9f607c9000 r--p 00000000 00:00 0 
7f9f607c9000-7f9f607ca000 ---p 00000000 00:00 0 
7f9f607ca000-7f9f607cb000 r--p 00000000 00:21 906110                     /usr/lib/jvm/java-17-openjdk/lib/libjimage.so
7f9f607cb000-7f9f607ce000 r-xp 00001000 00:21 906110                     /usr/lib/jvm/java-17-openjdk/lib/libjimage.so
7f9f607ce000-7f9f607cf000 r--p 00004000 00:21 906110                     /usr/lib/jvm/java-17-openjdk/lib/libjimage.so
7f9f607cf000-7f9f607d0000 r--p 00005000 00:21 906110                     /usr/lib/jvm/java-17-openjdk/lib/libjimage.so
7f9f607d0000-7f9f607d1000 rw-p 00006000 00:21 906110                     /usr/lib/jvm/java-17-openjdk/lib/libjimage.so
7f9f607d1000-7f9f607d3000 r--p 00000000 00:21 906111                     /usr/lib/jvm/java-17-openjdk/lib/libjli.so
7f9f607d3000-7f9f607e4000 r-xp 00002000 00:21 906111                     /usr/lib/jvm/java-17-openjdk/lib/libjli.so
7f9f607e4000-7f9f607eb000 r--p 00013000 00:21 906111                     /usr/lib/jvm/java-17-openjdk/lib/libjli.so
7f9f607eb000-7f9f607ec000 r--p 00019000 00:21 906111                     /usr/lib/jvm/java-17-openjdk/lib/libjli.so
7f9f607ec000-7f9f607ed000 rw-p 0001a000 00:21 906111                     /usr/lib/jvm/java-17-openjdk/lib/libjli.so
7f9f607ed000-7f9f607ef000 rw-p 00000000 00:00 0 
7f9f607ef000-7f9f607f3000 r--p 00000000 00:00 0                          [vvar]
7f9f607f3000-7f9f607f5000 r--p 00000000 00:00 0                          [vvar_vclock]
7f9f607f5000-7f9f607f7000 r-xp 00000000 00:00 0                          [vdso]
7f9f607f7000-7f9f607f8000 r--p 00000000 00:21 888556                     /usr/lib/ld-linux-x86-64.so.2
7f9f607f8000-7f9f60826000 r-xp 00001000 00:21 888556                     /usr/lib/ld-linux-x86-64.so.2
7f9f60826000-7f9f60835000 r--p 0002f000 00:21 888556                     /usr/lib/ld-linux-x86-64.so.2
7f9f60835000-7f9f60837000 r--p 0003e000 00:21 888556                     /usr/lib/ld-linux-x86-64.so.2
7f9f60837000-7f9f60838000 rw-p 00040000 00:21 888556                     /usr/lib/ld-linux-x86-64.so.2
7f9f60838000-7f9f60839000 rw-p 00000000 00:00 0 
7ffc0f590000-7ffc0f5b2000 rw-p 00000000 00:00 0                          [stack]
ffffffffff600000-ffffffffff601000 --xp 00000000 00:00 0                  [vsyscall]


VM Arguments:
jvm_args: --add-opens=java.base/java.util=ALL-UNNAMED --add-opens=java.base/java.lang=ALL-UNNAMED --add-opens=java.base/java.lang.invoke=ALL-UNNAMED --add-opens=java.prefs/java.util.prefs=ALL-UNNAMED --add-opens=java.base/java.nio.charset=ALL-UNNAMED --add-opens=java.base/java.net=ALL-UNNAMED --add-opens=java.base/java.util.concurrent.atomic=ALL-UNNAMED -Xmx4096M -Dfile.encoding=UTF-8 -Duser.country=IN -Duser.language=en -Duser.variant -javaagent:/home/nitrox/.gradle/wrapper/dists/gradle-8.7-bin/bhs2wmbdwecv87pi65oeuq5iu/gradle-8.7/lib/agents/gradle-instrumentation-agent-8.7.jar 
java_command: org.gradle.launcher.daemon.bootstrap.GradleDaemon 8.7
java_class_path (initial): /home/nitrox/.gradle/wrapper/dists/gradle-8.7-bin/bhs2wmbdwecv87pi65oeuq5iu/gradle-8.7/lib/gradle-launcher-8.7.jar
Launcher Type: SUN_STANDARD

[Global flags]
     intx CICompilerCount                          = 12                                        {product} {ergonomic}
     uint ConcGCThreads                            = 3                                         {product} {ergonomic}
     uint G1ConcRefinementThreads                  = 13                                        {product} {ergonomic}
   size_t G1HeapRegionSize                         = 2097152                                   {product} {ergonomic}
    uintx GCDrainStackTargetSize                   = 64                                        {product} {ergonomic}
   size_t InitialHeapSize                          = 253755392                                 {product} {ergonomic}
   size_t MarkStackSize                            = 4194304                                   {product} {ergonomic}
   size_t MaxHeapSize                              = 4294967296                                {product} {command line}
   size_t MaxNewSize                               = 2575302656                                {product} {ergonomic}
   size_t MinHeapDeltaBytes                        = 2097152                                   {product} {ergonomic}
   size_t MinHeapSize                              = 8388608                                   {product} {ergonomic}
    uintx NonNMethodCodeHeapSize                   = 7602480                                {pd product} {ergonomic}
    uintx NonProfiledCodeHeapSize                  = 122027880                              {pd product} {ergonomic}
    uintx ProfiledCodeHeapSize                     = 122027880                              {pd product} {ergonomic}
    uintx ReservedCodeCacheSize                    = 251658240                              {pd product} {ergonomic}
     bool SegmentedCodeCache                       = true                                      {product} {ergonomic}
   size_t SoftMaxHeapSize                          = 4294967296                             {manageable} {ergonomic}
     bool UseCompressedClassPointers               = true                           {product lp64_product} {ergonomic}
     bool UseCompressedOops                        = true                           {product lp64_product} {ergonomic}
     bool UseG1GC                                  = true                                      {product} {ergonomic}

Logging:
Log output configuration:
 #0: stdout all=warning uptime,level,tags
 #1: stderr all=off uptime,level,tags

Environment Variables:
JAVA_HOME=/usr/lib/jvm/java-17-openjdk
PATH=/home/nitrox/.gemini/antigravity-ide/bin:/home/nitrox/.local/bin:/home/nitrox/.npm-global/bin:/home/nitrox/.local/bin:/usr/local/sbin:/usr/local/bin:/usr/bin:/opt/android-sdk/cmdline-tools/latest/bin:/opt/android-sdk/platform-tools:/opt/android-sdk/tools:/opt/android-sdk/tools/bin:/var/lib/flatpak/exports/bin:/usr/lib/jvm/default/bin:/usr/bin/site_perl:/usr/bin/vendor_perl:/usr/bin/core_perl:/home/nitrox/Android/Sdk/tools:/home/nitrox/Android/Sdk/platform-tools:/opt/android-sdk/cmdline-tools/latest/bin:/opt/android-sdk/platform-tools:/opt/android-sdk/tools:/opt/android-sdk/tools/bin:/home/nitrox/Android/Sdk/tools:/home/nitrox/Android/Sdk/platform-tools:/home/nitrox/Android/Sdk/tools:/home/nitrox/Android/Sdk/platform-tools
XDG_CACHE_HOME=/home/nitrox/.cache
XDG_CONFIG_HOME=/home/nitrox/.config
SHELL=/bin/fish
DISPLAY=:1
LANG=en_IN
LC_NUMERIC=en_IN
LC_TIME=en_IN
TERM=dumb

Active Locale:
LC_ALL=en_IN
LC_COLLATE=en_IN
LC_CTYPE=en_IN
LC_MESSAGES=en_IN
LC_MONETARY=en_IN
LC_NUMERIC=en_IN
LC_TIME=en_IN

Signal Handlers:
   SIGSEGV: 0x00007f9f5fe39620 in libjvm.so+14915104, mask=11100100010111111101111111111110, flags=SA_RESTART|SA_SIGINFO, unblocked
    SIGBUS: 0x00007f9f5fe39620 in libjvm.so+14915104, mask=11100100010111111101111111111110, flags=SA_RESTART|SA_SIGINFO, unblocked
    SIGFPE: 0x00007f9f5fe39620 in libjvm.so+14915104, mask=11100100010111111101111111111110, flags=SA_RESTART|SA_SIGINFO, unblocked
   SIGPIPE: 0x00007f9f5fca39a0 in libjvm.so+13253024, mask=11100100010111111101111111111110, flags=SA_RESTART|SA_SIGINFO, blocked
   SIGXFSZ: 0x00007f9f5fca39a0 in libjvm.so+13253024, mask=11100100010111111101111111111110, flags=SA_RESTART|SA_SIGINFO, blocked
    SIGILL: 0x00007f9f5fe39620 in libjvm.so+14915104, mask=11100100010111111101111111111110, flags=SA_RESTART|SA_SIGINFO, unblocked
   SIGUSR2: 0x00007f9f5fca52c0 in libjvm.so+13259456, mask=00100000000000000000000000000000, flags=SA_RESTART|SA_SIGINFO, blocked
    SIGHUP: SIG_IGN, mask=00000000000000000000000000000000, flags=none, blocked
    SIGINT: 0x00007f9f5fca2f60 in libjvm.so+13250400, mask=11100100010111111101111111111110, flags=SA_RESTART|SA_SIGINFO, blocked
   SIGTERM: 0x00007f9f5fca2f60 in libjvm.so+13250400, mask=11100100010111111101111111111110, flags=SA_RESTART|SA_SIGINFO, blocked
   SIGQUIT: 0x00007f9f5fca2f60 in libjvm.so+13250400, mask=11100100010111111101111111111110, flags=SA_RESTART|SA_SIGINFO, blocked
   SIGTRAP: 0x00007f9f5fe39620 in libjvm.so+14915104, mask=11100100010111111101111111111110, flags=SA_RESTART|SA_SIGINFO, unblocked


Periodic native trim disabled


---------------  S Y S T E M  ---------------

OS:
DISTRIB_ID=cachyos
DISTRIB_RELEASE="rolling"
DISTRIB_DESCRIPTION="CachyOS"
uname: Linux 7.0.10-2-cachyos #1 SMP PREEMPT_DYNAMIC Thu, 28 May 2026 21:12:58 +0000 x86_64
OS uptime: 0 days 1:00 hours
libc: glibc 2.43 NPTL 2.43 
rlimit (soft/hard): STACK 8192k/infinity , CORE infinity/infinity , NPROC 60555/60555 , NOFILE 1048576/1048576 , AS infinity/infinity , CPU infinity/infinity , DATA infinity/infinity , FSIZE infinity/infinity , MEMLOCK 8192k/8192k
load average: 12.43 13.74 7.75

/proc/meminfo:
MemTotal:       15765524 kB
MemFree:          196888 kB
MemAvailable:    5835912 kB
Buffers:               8 kB
Cached:          3695228 kB
SwapCached:         4528 kB
Active:          3342744 kB
Inactive:        4956264 kB
Active(anon):    3049868 kB
Inactive(anon):  1916916 kB
Active(file):     292876 kB
Inactive(file):  3039348 kB
Unevictable:      320692 kB
Mlocked:              32 kB
SwapTotal:      15765500 kB
SwapFree:        6893100 kB
Zswap:                 0 kB
Zswapped:              0 kB
Dirty:              1916 kB
Writeback:             0 kB
AnonPages:       4897372 kB
Mapped:           504944 kB
Shmem:             41916 kB
KReclaimable:    2639592 kB
Slab:            2997572 kB
SReclaimable:    2639592 kB
SUnreclaim:       357980 kB
KernelStack:       37872 kB
PageTables:        96660 kB
SecPageTables:      4152 kB
NFS_Unstable:          0 kB
Bounce:                0 kB
WritebackTmp:          0 kB
CommitLimit:    23648260 kB
Committed_AS:   36430452 kB
VmallocTotal:   34359738367 kB
VmallocUsed:      218924 kB
VmallocChunk:          0 kB
Percpu:            12160 kB
HardwareCorrupted:     0 kB
AnonHugePages:   1095680 kB
ShmemHugePages:    34816 kB
ShmemPmdMapped:    32768 kB
FileHugePages:     65536 kB
FilePmdMapped:     65536 kB
CmaTotal:              0 kB
CmaFree:               0 kB
Unaccepted:            0 kB
Balloon:               0 kB
HugePages_Total:       0
HugePages_Free:        0
HugePages_Rsvd:        0
HugePages_Surp:        0
Hugepagesize:       2048 kB
Hugetlb:               0 kB
DirectMap4k:     4261860 kB
DirectMap2M:    11907072 kB
DirectMap1G:           0 kB

/sys/kernel/mm/transparent_hugepage/enabled: [always] madvise never
/sys/kernel/mm/transparent_hugepage/hpage_pmd_size: 2097152
/sys/kernel/mm/transparent_hugepage/defrag (defrag/compaction efforts parameter): always defer [defer+madvise] madvise never

Process Memory:
Virtual Size: 14797752K (peak: 14836420K)
Resident Set Size: 797320K (peak: 954568K) (anon: 776016K, file: 21272K, shmem: 32K)
Swapped out: 459656K
C-Heap outstanding allocations: 208026K, retained: 293745K
glibc malloc tunables: (default)

/proc/sys/kernel/threads-max (system-wide limit on the number of threads): 121111
/proc/sys/vm/max_map_count (maximum number of memory map areas a process may have): 1048576
/proc/sys/vm/swappiness (control to define how aggressively the kernel swaps out anonymous memory): 150
/proc/sys/kernel/pid_max (system-wide limit on number of process identifiers): 4194304

container information not found.
Steal ticks since vm start: 0
Steal ticks percentage since vm start:  0.000

CPU: total 16 (initial active 16) (16 cores per cpu, 2 threads per core) family 23 model 96 stepping 1 microcode 0x860010d, cx8, cmov, fxsr, ht, mmx, 3dnowpref, sse, sse2, sse3, ssse3, sse4a, sse4.1, sse4.2, popcnt, lzcnt, tsc, tscinvbit, avx, avx2, aes, clmul, bmi1, bmi2, adx, sha, fma, vzeroupper, clflush, clflushopt
CPU Model and flags from /proc/cpuinfo:
model name	: AMD Ryzen 7 4800H with Radeon Graphics
flags		: fpu vme de pse tsc msr pae mce cx8 apic sep mtrr pge mca cmov pat pse36 clflush mmx fxsr sse sse2 ht syscall nx mmxext fxsr_opt pdpe1gb rdtscp lm constant_tsc rep_good nopl xtopology nonstop_tsc cpuid extd_apicid aperfmperf rapl pni pclmulqdq monitor ssse3 fma cx16 sse4_1 sse4_2 movbe popcnt aes xsave avx f16c rdrand lahf_lm cmp_legacy svm extapic cr8_legacy abm sse4a misalignsse 3dnowprefetch osvw ibs skinit wdt tce topoext perfctr_core perfctr_nb bpext perfctr_llc mwaitx cpb cat_l3 cdp_l3 hw_pstate ssbd mba ibrs ibpb stibp vmmcall fsgsbase bmi1 avx2 smep bmi2 cqm rdt_a rdseed adx smap clflushopt clwb sha_ni xsaveopt xsavec xgetbv1 cqm_llc cqm_occup_llc cqm_mbm_total cqm_mbm_local clzero irperf xsaveerptr rdpru wbnoinvd cppc arat npt lbrv svm_lock nrip_save tsc_scale vmcb_clean flushbyasid decodeassists pausefilter pfthreshold avic v_vmsave_vmload vgif v_spec_ctrl umip rdpid overflow_recov succor smca

Online cpus: 0-15
Offline cpus: 
BIOS frequency limitation: <Not Available>
Frequency switch latency (ns): 0
Available cpu frequencies: <Not Available>
Current governor: performance
Core performance/turbo boost: 1

Memory: 4k page, physical 15765524k(188140k free), swap 15765500k(6893804k free)
Page Sizes: 4k

vm_info: OpenJDK 64-Bit Server VM (17.0.19+10) for linux-amd64 JRE (17.0.19+10), built on May  3 2026 09:28:08 by "" with gcc 16.1.1 20260430

END.
